{"stats":{"minecraft:mined":{"minecraft:grass":2,"minecraft:tall_grass":1,"minecraft:grass_block":2},"minecraft:custom":{"minecraft:jump":48,"minecraft:time_since_rest":5528,"minecraft:leave_game":1,"minecraft:sprint_one_cm":4209,"minecraft:play_time":5528,"minecraft:time_since_death":5528,"minecraft:walk_one_cm":2437,"minecraft:total_world_time":5528,"minecraft:fall_one_cm":418,"minecraft:fly_one_cm":6690},"minecraft:used":{"minecraft:dirt":2},"minecraft:picked_up":{"minecraft:dirt":2}},"DataVersion":3465}