{"stats":{"minecraft:custom":{"minecraft:mob_kills":76,"minecraft:interact_with_crafting_table":11,"minecraft:open_barrel":22,"minecraft:damage_dealt_resisted":770,"minecraft:leave_game":8,"minecraft:time_since_death":8451,"minecraft:climb_one_cm":3377,"minecraft:sprint_one_cm":216231,"minecraft:walk_one_cm":107789,"minecraft:drop":34,"minecraft:play_time":113297,"minecraft:deaths":11,"minecraft:sneak_time":3259,"minecraft:walk_under_water_one_cm":12434,"minecraft:jump":1950,"minecraft:walk_on_water_one_cm":18716,"minecraft:total_world_time":113297,"minecraft:interact_with_furnace":12,"tombstone:raider_killed":1,"minecraft:sleep_in_bed":3,"minecraft:time_since_rest":8375,"minecraft:damage_taken":4718,"minecraft:damage_dealt":18004,"minecraft:swim_one_cm":21338,"minecraft:fly_one_cm":500340,"minecraft:open_chest":25,"minecraft:crouch_one_cm":6634,"tombstone:undead_killed":17,"minecraft:interact_with_smoker":2,"minecraft:fall_one_cm":42283},"minecraft:dropped":{"minecraft:bread":16,"aoa3:copper_coin":24,"aoa3:carved_rune_of_reality":1,"minecraft:stick":6,"aoa3:tea_seeds":3,"theoneprobe:probenote":1,"tombstone:grave_dust":1,"minecraft:gold_ingot":2,"minecraft:iron_nugget":4,"born_in_chaos_v1:mr_pumpkin_spawn_egg":1,"minecraft:stone_sword":1,"minecraft:cobbled_deepslate":4,"aoa3:carved_rune_of_travel":5,"aoa3:sharp_claw":3,"minecraft:arrow":3,"minecraft:stone_pickaxe":1,"minecraft:wooden_pickaxe":1,"minecraft:calcite":1,"minecraft:nautilus_shell":1},"minecraft:killed":{"minecraft:cave_spider":1,"born_in_chaos_v1:mr_pumpkin":4,"minecraft:witch":1,"born_in_chaos_v1:restless_spirit":1,"born_in_chaos_v1:sir_the_headless":1,"aoa3:charger":4,"minecraft:spider":6,"born_in_chaos_v1:maggot":4,"born_in_chaos_v1:pumpkinhead":1,"minecraft:skeleton":3,"minecraft:bee":1,"realmrpg_demons:chort":3,"minecraft:drowned":4,"antlers:wendigo":1,"world:goblin":2,"majruszsdifficulty:cursed_armor":1,"born_in_chaos_v1:decrepit_skeleton":1,"antlers:wendigomad":1,"minecraft:zombie":9,"aoa3:goblin":3,"born_in_chaos_v1:corpse_fly":4,"alexsmobs:fly":2},"minecraft:killed_by":{"antlers:wendigo":1},"minecraft:crafted":{"minecraft:oak_planks":16,"minecraft:furnace":1,"aoa3:cooked_charger_shank":2,"born_in_chaos_v1:fried_maggot":5,"minecraft:wheat":99,"minecraft:crafting_table":3,"minecraft:mangrove_planks":4,"minecraft:bread":34,"minecraft:air":0,"minecraft:jungle_planks":4,"minecraft:iron_ingot":4,"minecraft:iron_pickaxe":1},"minecraft:picked_up":{"minecraft:crafting_table":3,"minecraft:wheat":4,"minecraft:chainmail_boots":1,"aoa3:copper_coin":29,"minecraft:turtle_helmet":1,"minecraft:wooden_pickaxe":2,"minecraft:red_bed":3,"minecraft:string":1,"minecraft:iron_axe":1,"minecraft:iron_leggings":1,"minecraft:cobbled_deepslate":8,"minecraft:spruce_planks":2,"aoa3:raw_charger_shank":2,"minecraft:calcite":1,"minecraft:iron_nugget":2,"minecraft:furnace":3,"minecraft:raw_iron":10,"minecraft:stick":7,"apotheosis:gem":3,"minecraft:acacia_log":13,"tombstone:grave_dust":1,"aoa3:carved_rune_of_travel":4,"majruszsdifficulty:cursed_armor_spawn_egg":1,"travelersbackpack:snow":1,"minecraft:stone_sword":1,"minecraft:arrow":8,"minecraft:rotten_flesh":7,"minecraft:hay_block":12,"minecraft:gold_ingot":2,"minecraft:cobblestone":40,"born_in_chaos_v1:fused_bone":1,"minecraft:nautilus_shell":1,"born_in_chaos_v1:corpse_maggot":2,"minecraft:pink_petals":3,"minecraft:feather":4,"aoa3:carved_rune_of_reality":1,"minecraft:oak_log":5,"minecraft:lapis_lazuli":5,"minecraft:dirt":1,"minecraft:leather_boots":1,"minecraft:bone":8,"born_in_chaos_v1:soul_cutlass":1,"minecraft:raw_gold":2,"minecraft:stone_pickaxe":1,"aoa3:sharp_claw":2,"aoa3:tea_seeds":2,"minecraft:moss_block":2,"minecraft:cooked_porkchop":1,"aoa3:scrap_metal":3,"minecraft:spider_eye":1,"minecraft:skeleton_spawn_egg":1,"minecraft:pumpkin_seeds":30,"minecraft:dried_kelp_block":17,"minecraft:stone_axe":1,"minecraft:mangrove_wood":2,"minecraft:diamond":2,"minecraft:spruce_boat":2,"minecraft:stripped_jungle_wood":2,"born_in_chaos_v1:mr_pumpkin_spawn_egg":1,"minecraft:chainmail_helmet":7,"minecraft:coal":38},"minecraft:used":{"minecraft:netherite_sword":10,"minecraft:stone_sword":81,"aoa3:cooked_charger_shank":2,"minecraft:spruce_planks":2,"minecraft:stone":2,"aoa3:raw_charger_shank":1,"born_in_chaos_v1:fried_maggot":5,"minecraft:rotten_flesh":5,"minecraft:dirt":1,"minecraft:skeleton_spawn_egg":1,"born_in_chaos_v1:soul_cutlass":163,"minecraft:spruce_boat":2,"tombstone:tablet_of_cupidity":1,"minecraft:hay_block":1,"minecraft:furnace":3,"tombstone:gift":3,"minecraft:cobbled_deepslate":1,"minecraft:stone_pickaxe":48,"minecraft:chorus_fruit":1,"minecraft:wooden_pickaxe":1,"minecraft:oak_leaves":2,"minecraft:crafting_table":5,"minecraft:red_bed":3,"minecraft:apple":2,"minecraft:bread":19,"minecraft:iron_pickaxe":23,"minecraft:netherite_axe":17,"minecraft:stone_axe":21,"minecraft:diamond_sword":34,"minecraft:cobblestone":8,"minecraft:cooked_porkchop":1,"alexsmobs:animal_dictionary":1},"minecraft:mined":{"minecraft:spruce_planks":2,"minecraft:deepslate_diamond_ore":2,"minecraft:acacia_log":13,"minecraft:grass_block":1,"minecraft:stripped_jungle_wood":1,"minecraft:moss_block":2,"minecraft:hay_block":12,"minecraft:furnace":3,"minecraft:iron_ore":2,"minecraft:deepslate_lapis_ore":1,"minecraft:deepslate_iron_ore":8,"minecraft:rail":1,"minecraft:stone":29,"minecraft:acacia_leaves":1,"minecraft:red_bed":3,"minecraft:crafting_table":3,"minecraft:mangrove_wood":2,"minecraft:calcite":3,"minecraft:white_stained_glass_pane":2,"minecraft:tall_grass":2,"minecraft:dried_kelp_block":17,"minecraft:deepslate_gold_ore":2,"minecraft:pink_petals":1,"minecraft:grass":2,"minecraft:coal_ore":8,"born_in_chaos_v1:infernal_evil_pumpkin_s":1,"minecraft:oak_leaves":2,"minecraft:deepslate":12}},"DataVersion":3465}