{"stats":{"minecraft:custom":{"minecraft:interact_with_furnace":8,"minecraft:mob_kills":64,"minecraft:interact_with_crafting_table":9,"minecraft:open_barrel":22,"minecraft:damage_dealt_resisted":730,"minecraft:leave_game":8,"minecraft:time_since_death":11244,"minecraft:sleep_in_bed":2,"minecraft:climb_one_cm":3377,"minecraft:time_since_rest":11219,"minecraft:sprint_one_cm":182863,"minecraft:damage_taken":3603,"minecraft:walk_one_cm":93220,"minecraft:drop":21,"minecraft:damage_dealt":14594,"minecraft:swim_one_cm":20527,"minecraft:fly_one_cm":489744,"minecraft:play_time":101297,"minecraft:open_chest":14,"minecraft:crouch_one_cm":6187,"minecraft:sneak_time":3122,"tombstone:undead_killed":12,"minecraft:deaths":8,"minecraft:walk_under_water_one_cm":12308,"minecraft:jump":1792,"minecraft:walk_on_water_one_cm":17132,"minecraft:total_world_time":101297,"minecraft:interact_with_smoker":2,"minecraft:fall_one_cm":39546},"minecraft:dropped":{"minecraft:bread":16,"born_in_chaos_v1:mr_pumpkin_spawn_egg":1,"aoa3:copper_coin":10,"aoa3:carved_rune_of_travel":3,"aoa3:sharp_claw":3,"aoa3:tea_seeds":3,"theoneprobe:probenote":1,"tombstone:grave_dust":1,"minecraft:wooden_pickaxe":1,"minecraft:nautilus_shell":1,"minecraft:gold_ingot":2},"minecraft:killed":{"world:goblin":2,"born_in_chaos_v1:mr_pumpkin":4,"born_in_chaos_v1:restless_spirit":1,"born_in_chaos_v1:sir_the_headless":1,"aoa3:charger":4,"minecraft:spider":6,"born_in_chaos_v1:maggot":3,"born_in_chaos_v1:pumpkinhead":1,"minecraft:skeleton":3,"minecraft:zombie":5,"aoa3:goblin":3,"minecraft:bee":1,"born_in_chaos_v1:corpse_fly":2,"realmrpg_demons:chort":3,"alexsmobs:fly":2,"minecraft:drowned":4,"antlers:wendigo":1},"minecraft:killed_by":{"antlers:wendigo":1},"minecraft:crafted":{"minecraft:oak_planks":4,"minecraft:crafting_table":3,"minecraft:furnace":1,"minecraft:mangrove_planks":4,"minecraft:jungle_planks":4,"minecraft:bread":34,"minecraft:air":0,"aoa3:cooked_charger_shank":2,"born_in_chaos_v1:fried_maggot":5,"minecraft:wheat":99},"minecraft:picked_up":{"minecraft:nautilus_shell":1,"minecraft:pink_petals":3,"minecraft:crafting_table":2,"minecraft:wheat":4,"minecraft:feather":4,"aoa3:carved_rune_of_reality":1,"minecraft:chainmail_boots":1,"aoa3:copper_coin":29,"minecraft:turtle_helmet":1,"minecraft:wooden_pickaxe":2,"minecraft:oak_log":5,"minecraft:string":1,"minecraft:dirt":1,"minecraft:red_bed":2,"minecraft:bone":8,"born_in_chaos_v1:soul_cutlass":1,"minecraft:spruce_planks":2,"aoa3:raw_charger_shank":2,"minecraft:stone_pickaxe":1,"aoa3:sharp_claw":2,"aoa3:tea_seeds":2,"minecraft:iron_nugget":2,"minecraft:moss_block":2,"minecraft:furnace":2,"minecraft:stick":3,"minecraft:raw_iron":2,"apotheosis:gem":2,"minecraft:cooked_porkchop":1,"minecraft:acacia_log":13,"aoa3:scrap_metal":3,"tombstone:grave_dust":1,"aoa3:carved_rune_of_travel":3,"minecraft:spider_eye":1,"travelersbackpack:snow":1,"minecraft:skeleton_spawn_egg":1,"minecraft:dried_kelp_block":17,"minecraft:stone_sword":1,"minecraft:pumpkin_seeds":30,"minecraft:arrow":8,"minecraft:rotten_flesh":7,"minecraft:spruce_boat":2,"minecraft:mangrove_wood":2,"minecraft:stone_axe":1,"minecraft:hay_block":12,"minecraft:stripped_jungle_wood":2,"born_in_chaos_v1:mr_pumpkin_spawn_egg":1,"minecraft:chainmail_helmet":4,"minecraft:gold_ingot":2,"minecraft:coal":25,"minecraft:cobblestone":40,"born_in_chaos_v1:fused_bone":1},"minecraft:used":{"minecraft:netherite_sword":10,"minecraft:stone_sword":81,"aoa3:cooked_charger_shank":2,"minecraft:chorus_fruit":1,"minecraft:stone_pickaxe":40,"minecraft:spruce_planks":2,"minecraft:wooden_pickaxe":1,"minecraft:stone":2,"born_in_chaos_v1:fried_maggot":5,"aoa3:raw_charger_shank":1,"minecraft:rotten_flesh":3,"minecraft:oak_leaves":2,"minecraft:dirt":1,"minecraft:skeleton_spawn_egg":1,"minecraft:crafting_table":4,"minecraft:red_bed":1,"born_in_chaos_v1:soul_cutlass":98,"minecraft:spruce_boat":2,"minecraft:apple":2,"minecraft:bread":18,"minecraft:netherite_axe":17,"minecraft:stone_axe":21,"minecraft:diamond_sword":34,"minecraft:cobblestone":8,"minecraft:hay_block":1,"minecraft:furnace":2,"minecraft:cooked_porkchop":1,"tombstone:gift":3,"alexsmobs:animal_dictionary":1},"minecraft:mined":{"minecraft:acacia_leaves":1,"minecraft:spruce_planks":2,"minecraft:red_bed":2,"minecraft:crafting_table":2,"minecraft:mangrove_wood":2,"minecraft:acacia_log":13,"minecraft:grass_block":1,"minecraft:stripped_jungle_wood":1,"minecraft:white_stained_glass_pane":2,"minecraft:tall_grass":2,"minecraft:dried_kelp_block":17,"minecraft:moss_block":2,"minecraft:pink_petals":1,"minecraft:hay_block":12,"minecraft:furnace":2,"minecraft:iron_ore":2,"minecraft:grass":2,"minecraft:coal_ore":8,"born_in_chaos_v1:infernal_evil_pumpkin_s":1,"minecraft:stone":29,"minecraft:oak_leaves":2}},"DataVersion":3465}