{"stats":{"minecraft:custom":{"minecraft:interact_with_crafting_table":51,"minecraft:open_barrel":42,"minecraft:leave_game":13,"minecraft:time_since_death":57269,"minecraft:damage_resisted":152,"minecraft:sprint_one_cm":1178662,"minecraft:drop":262,"minecraft:talked_to_villager":1,"minecraft:play_time":364016,"minecraft:deaths":24,"minecraft:jump":6838,"minecraft:walk_on_water_one_cm":49317,"minecraft:interact_with_furnace":56,"minecraft:sleep_in_bed":17,"minecraft:damage_dealt":81384,"minecraft:crouch_one_cm":24371,"tombstone:undead_killed":99,"minecraft:interact_with_smoker":2,"minecraft:inspect_dispenser":11,"minecraft:mob_kills":419,"minecraft:damage_dealt_resisted":4363,"minecraft:climb_one_cm":11513,"minecraft:walk_one_cm":482922,"minecraft:sneak_time":8506,"minecraft:walk_under_water_one_cm":23336,"minecraft:total_world_time":364016,"tombstone:raider_killed":87,"minecraft:time_since_rest":57077,"minecraft:damage_absorbed":241,"minecraft:damage_taken":15485,"minecraft:trigger_trapped_chest":5,"minecraft:swim_one_cm":64067,"minecraft:fly_one_cm":1551765,"minecraft:open_chest":85,"minecraft:fall_one_cm":279729},"minecraft:dropped":{"minecraft:iron_sword":1,"minecraft:red_sandstone":208,"minecraft:crossbow":5,"inventorypets:pet_sated_double_chest":1,"born_in_chaos_v1:cultivated_pumpkin":4,"minecraft:chest_minecart":4,"minecraft:iron_horse_armor":1,"aoa3:copper_coin":34,"born_in_chaos_v1:pieceofdarkmetal":3,"travelersbackpack:standard":1,"born_in_chaos_v1:nightmare_claw":1,"aoa3:limonite_bullet":12,"minecraft:rail":12,"aoa3:carved_rune_of_reality":1,"born_in_chaos_v1:monster_flesh":9,"minecraft:dirt":2,"minecraft:red_bed":1,"born_in_chaos_v1:monster_skin":12,"iceandfire:myrmex_desert_chitin":7,"theoneprobe:probenote":4,"aoa3:carved_rune_of_space":3,"minecraft:gold_nugget":16,"alexsmobs:emu_feather":1,"minecraft:bone_meal":190,"minecraft:sand":27,"minecraft:iron_pickaxe":1,"minecraft:birch_log":2,"minecraft:white_wool":2,"minecraft:gold_ingot":18,"minecraft:bone":2,"minecraft:gravel":1,"minecraft:pillager_spawn_egg":2,"minecraft:iron_nugget":19,"minecraft:cobbled_deepslate":19,"minecraft:soul_lantern":1,"minecraft:rotten_flesh":23,"minecraft:oak_planks":6,"born_in_chaos_v1:zombie_fisherman_spawn_egg":1,"alexsmobs:emu_egg":1,"aoa3:carved_rune_of_travel":6,"minecraft:salmon":5,"minecraft:poppy":1,"born_in_chaos_v1:seedof_chaos":2,"minecraft:gunpowder":6,"aoa3:sharp_claw":3,"minecraft:skeleton_skull":1,"born_in_chaos_v1:fangofthe_hound_leader":2,"minecraft:beetroot_seeds":4,"minecraft:jungle_log":1,"born_in_chaos_v1:corpse_maggot":1,"apotheosis:gem":3,"minecraft:chainmail_boots":2,"minecraft:arrow":18,"iceandfire:deathworm_chitin_yellow":6,"minecraft:bread":17,"minecraft:iron_ingot":2,"born_in_chaos_v1:intoxicating_decoction":2,"born_in_chaos_v1:wood_splitter_axe":1,"born_in_chaos_v1:shattered_skull":1,"minecraft:wheat_seeds":3,"aoa3:scrap_metal":22,"minecraft:poisonous_potato":1,"minecraft:yellow_terracotta":43,"minecraft:iron_helmet":1,"minecraft:feather":6,"minecraft:cobblestone":8,"minecraft:book":13,"aoa3:fire_rune":1,"minecraft:activator_rail":3,"minecraft:chainmail_helmet":1,"minecraft:coal":27,"mysticsbiomes:peach_planks":16,"minecraft:stick":11,"minecraft:cobweb":22,"iceandfire:deathworm_chitin_red":8,"born_in_chaos_v1:gnawed_bones":1,"born_in_chaos_v1:river_mint":1,"aoa3:tea_seeds":9,"minecraft:wooden_hoe":2,"minecraft:torch":22,"tombstone:grave_key":2,"mysticsbiomes:lush_sandstone":6,"tombstone:grave_dust":2,"minecraft:iron_leggings":4,"minecraft:pumpkin":14,"minecraft:white_banner":8,"minecraft:iron_axe":1,"minecraft:string":14,"minecraft:acacia_planks":50,"minecraft:redstone":3,"minecraft:furnace":1,"minecraft:blue_terracotta":1,"alexsmobs:maggot":2,"minecraft:soul_torch":1,"born_in_chaos_v1:mr_pumpkin_spawn_egg":1,"minecraft:coarse_dirt":1,"minecraft:stone_sword":1,"aoa3:raw_charger_shank":2,"minecraft:tuff":1,"minecraft:raw_iron":1,"born_in_chaos_v1:rotten_fish":1,"minecraft:iron_hoe":1,"minecraft:name_tag":1,"minecraft:white_terracotta":26,"minecraft:pumpkin_seeds":96,"minecraft:filled_map":1,"minecraft:deepslate_bricks":3,"aoa3:carved_rune_of_direction":3,"magistuarmory:chainmail_horse_armor":1,"minecraft:potato":2,"minecraft:orange_terracotta":1,"minecraft:spruce_planks":2,"aoa3:jade_pickaxe":1,"minecraft:stone_bricks":2,"minecraft:slime_ball":2,"minecraft:spruce_log":28,"minecraft:sandstone":8,"minecraft:stone_pickaxe":1,"minecraft:wooden_pickaxe":2,"minecraft:cracked_deepslate_bricks":3,"minecraft:calcite":1,"minecraft:nautilus_shell":1,"minecraft:terracotta":4},"minecraft:killed":{"minecraft:cave_spider":19,"born_in_chaos_v1:mr_pumpkin":4,"minecraft:witch":1,"born_in_chaos_v1:restless_spirit":1,"born_in_chaos_v1:zombie_lumberjack":4,"born_in_chaos_v1:sir_the_headless":1,"minecraft:spider":12,"born_in_chaos_v1:siamese_skeletonsright":3,"born_in_chaos_v1:baby_skeleton_minion":4,"world:dryad":1,"world:appleant_2":1,"minecraft:skeleton":18,"minecraft:bee":1,"aoa3:ghost":1,"realmrpg_demons:chort":4,"born_in_chaos_v1:skeleton_thrasher":2,"antlers:wendigo":2,"alexsmobs:kangaroo":35,"iceandfire:myrmex_worker":1,"born_in_chaos_v1:bonescaller":2,"born_in_chaos_v1:diamond_termite":2,"minecraft:salmon":5,"minecraft:creeper":13,"minecraft:pillager":86,"born_in_chaos_v1:zombie_fisherman":1,"antlers:wendigomad":2,"minecraft:zombie":34,"aoa3:goblin":3,"born_in_chaos_v1:dread_hound":12,"alexsmobs:terrapin":2,"born_in_chaos_v1:corpse_fly":21,"minecraft:stray":1,"alexsmobs:fly":4,"born_in_chaos_v1:door_knight":1,"born_in_chaos_v1:siamese_skeletonsleft":3,"alexsmobs:tarantula_hawk":1,"aoa3:charger":5,"alexsmobs:rattlesnake":1,"born_in_chaos_v1:thornshell_crab":2,"born_in_chaos_v1:zombie_bruiser":2,"born_in_chaos_v1:maggot":18,"born_in_chaos_v1:pumpkinhead":1,"born_in_chaos_v1:dire_hound_leader":1,"minecraft:drowned":4,"born_in_chaos_v1:corpse_fish":2,"iceandfire:deathworm":3,"born_in_chaos_v1:seared_spirit_not_despawn":1,"alexsmobs:rocky_roller":1,"born_in_chaos_v1:siamese_skeletons":1,"world:goblin":4,"born_in_chaos_v1:spiritof_chaos":1,"minecraft:husk":2,"born_in_chaos_v1:baby_skeleton":2,"born_in_chaos_v1:swarmer":1,"born_in_chaos_v1:spirit_guide_assistant":1,"iceandfire:troll":4,"aoa3:cyclops":2,"majruszsdifficulty:cursed_armor":3,"born_in_chaos_v1:decrepit_skeleton":9,"alexsmobs:emu":6,"iceandfire:myrmex_soldier":1,"iceandfire:ghost":3,"born_in_chaos_v1:nightmare_stalker":2,"minecraft:enderman":6},"minecraft:killed_by":{"antlers:wendigo":4},"minecraft:crafted":{"minecraft:oak_planks":40,"mysticsbiomes:peach_planks":20,"minecraft:iron_boots":1,"inventorypets:pet_chest":1,"minecraft:stone_hoe":1,"inventorypets:pet_double_chest":2,"minecraft:crafting_table":11,"minecraft:baked_potato":83,"minecraft:gold_block":1,"minecraft:iron_chestplate":1,"minecraft:wooden_hoe":1,"minecraft:stick":24,"minecraft:iron_ingot":5,"minecraft:iron_pickaxe":1,"minecraft:iron_nugget":72,"minecraft:furnace":6,"minecraft:bone_meal":220,"aoa3:cooked_charger_shank":2,"minecraft:leather":4,"born_in_chaos_v1:fried_maggot":5,"minecraft:iron_hoe":3,"inventorypets:nugget_diamond":18,"minecraft:wheat":144,"inventorypets:pet_torch":1,"inventorypets:pet_sated_double_chest":2,"alexsmobs:cooked_kangaroo_meat":48,"inventorypets:pet_pig":1,"minecraft:mangrove_planks":4,"minecraft:bucket":2,"minecraft:bone":12,"minecraft:jungle_planks":4,"minecraft:bread":49,"minecraft:air":0,"minecraft:white_wool":4,"inventorypets:nugget_coal":64,"aoa3:jade_pickaxe":2,"minecraft:gold_nugget":18,"minecraft:iron_leggings":1,"born_in_chaos_v1:infernal_evil_pumpkin":1,"minecraft:white_bed":1,"inventorypets:pet_anvil":1,"minecraft:acacia_planks":72},"minecraft:picked_up":{"aoa3:fire_rune":1,"minecraft:wheat":4,"minecraft:chainmail_boots":3,"inventorypets:pet_torch":1,"mysticsbiomes:peach_log":5,"tombstone:grave_key":1,"aoa3:carved_rune_of_direction":3,"minecraft:string":18,"minecraft:iron_leggings":11,"minecraft:activator_rail":3,"minecraft:diamond_leggings":3,"minecraft:cobbled_deepslate":51,"minecraft:spruce_planks":4,"mysticsbiomes:lush_sandstone":6,"minecraft:calcite":1,"minecraft:furnace":9,"minecraft:stick":12,"apotheosis:gem":15,"born_in_chaos_v1:shattered_skull":1,"minecraft:torch":22,"born_in_chaos_v1:flaming_evil_pumpkin":1,"minecraft:acacia_log":18,"tombstone:grave_dust":3,"born_in_chaos_v1:nightmare_claw":2,"aoa3:carved_rune_of_travel":4,"aoa3:large_skill_crystal":3,"majruszsdifficulty:cursed_armor_spawn_egg":1,"minecraft:stone_sword":1,"minecraft:rotten_flesh":49,"iceandfire:deathworm_chitin_yellow":6,"alexsmobs:emu_egg":3,"iceandfire:myrmex_desert_chitin":4,"born_in_chaos_v1:cultivated_pumpkin":4,"aoa3:raw_limonite":3,"minecraft:white_terracotta":26,"minecraft:cobblestone":130,"minecraft:nautilus_shell":1,"minecraft:birch_log":2,"minecraft:pink_petals":3,"minecraft:feather":7,"born_in_chaos_v1:spiritual_dust":1,"minecraft:jungle_log":1,"minecraft:potato":266,"minecraft:tuff":1,"alexsmobs:cooked_kangaroo_meat":1,"minecraft:lapis_lazuli":57,"minecraft:dirt":4,"born_in_chaos_v1:bonescaller_spawn_egg":1,"minecraft:name_tag":1,"born_in_chaos_v1:monster_skin":17,"minecraft:leather_boots":1,"minecraft:bone":25,"minecraft:acacia_planks":63,"minecraft:wheat_seeds":3,"minecraft:raw_gold":10,"theoneprobe:probenote":1,"aoa3:sharp_claw":2,"aoa3:tea_seeds":7,"minecraft:moss_block":2,"minecraft:cooked_porkchop":1,"minecraft:poisonous_potato":1,"minecraft:sand":27,"minecraft:skeleton_spawn_egg":1,"alexsmobs:kangaroo_hide":2,"minecraft:dispenser":1,"minecraft:blue_terracotta":1,"born_in_chaos_v1:zombie_fisherman_spawn_egg":1,"minecraft:diamond":25,"minecraft:mangrove_wood":2,"minecraft:spruce_boat":2,"minecraft:soul_lantern":1,"minecraft:crossbow":5,"minecraft:bone_meal":109,"born_in_chaos_v1:mr_pumpkin_spawn_egg":1,"minecraft:golden_apple":2,"minecraft:chainmail_helmet":9,"minecraft:golden_horse_armor":1,"minecraft:emerald":1,"minecraft:bread":1,"minecraft:netherrack":1,"minecraft:coarse_dirt":1,"minecraft:crafting_table":6,"born_in_chaos_v1:diamond_termite_shard":1,"aoa3:copper_coin":75,"born_in_chaos_v1:river_mint":1,"minecraft:turtle_helmet":1,"born_in_chaos_v1:seedof_chaos":4,"minecraft:chest_minecart":4,"minecraft:wooden_pickaxe":3,"aoa3:carved_rune_of_space":3,"minecraft:red_bed":5,"minecraft:iron_axe":2,"aoa3:jade":7,"born_in_chaos_v1:intoxicating_decoction":2,"minecraft:salmon_spawn_egg":1,"aoa3:raw_charger_shank":3,"born_in_chaos_v1:gnawed_bones":1,"minecraft:iron_nugget":16,"minecraft:poppy":1,"minecraft:raw_iron":24,"minecraft:sandstone":47,"iceandfire:troll_tusk":1,"born_in_chaos_v1:pieceofdarkmetal":3,"minecraft:carrot":62,"minecraft:redstone":53,"iceandfire:deathworm_egg_giant":1,"minecraft:iron_horse_armor":1,"travelersbackpack:snow":1,"minecraft:arrow":18,"inventorypets:pet_chest":1,"minecraft:beetroot_seeds":4,"born_in_chaos_v1:wood_splitter_axe":1,"minecraft:deepslate_bricks":3,"minecraft:hay_block":17,"minecraft:cracked_deepslate_bricks":3,"minecraft:yellow_terracotta":43,"tombstone:essence_of_undeath":1,"minecraft:gold_ingot":27,"alexsmobs:kangaroo_meat":50,"minecraft:rail":16,"minecraft:white_wool":1,"born_in_chaos_v1:fused_bone":1,"born_in_chaos_v1:corpse_maggot":7,"born_in_chaos_v1:infernal_evil_pumpkin":2,"aoa3:carved_rune_of_reality":1,"born_in_chaos_v1:monster_flesh":14,"minecraft:glow_ink_sac":3,"inventorypets:pet_double_chest":1,"minecraft:oak_log":10,"magistuarmory:chainmail_horse_armor":1,"minecraft:wooden_hoe":1,"minecraft:white_banner":8,"tombstone:gift":1,"minecraft:orange_terracotta":1,"born_in_chaos_v1:soul_cutlass":1,"minecraft:stone_bricks":2,"minecraft:red_sandstone":179,"minecraft:iron_ingot":7,"minecraft:stone_pickaxe":1,"minecraft:iron_sword":1,"aoa3:limonite_bullet":12,"minecraft:book":21,"minecraft:pillager_spawn_egg":4,"world:crystal_10":1,"minecraft:pumpkin":28,"born_in_chaos_v1:ethereal_spirit":1,"minecraft:gravel":1,"aoa3:scrap_metal":9,"born_in_chaos_v1:fangofthe_hound_leader":2,"minecraft:white_bed":19,"minecraft:spruce_log":28,"minecraft:spider_eye":7,"minecraft:pumpkin_seeds":117,"minecraft:dried_kelp_block":74,"minecraft:stone_axe":1,"minecraft:iron_helmet":2,"minecraft:stripped_jungle_wood":2,"minecraft:terracotta":4,"minecraft:melon_seeds":1,"minecraft:coal":127,"minecraft:ender_pearl":1},"minecraft:used":{"alexsmobs:emu_egg":2,"minecraft:dispenser":1,"minecraft:iron_sword":239,"minecraft:stone":2,"minecraft:rotten_flesh":15,"minecraft:iron_chestplate":1,"minecraft:skeleton_spawn_egg":1,"minecraft:carrot":39,"born_in_chaos_v1:soul_cutlass":854,"minecraft:spruce_boat":2,"tombstone:tablet_of_cupidity":2,"minecraft:hay_block":1,"minecraft:furnace":14,"minecraft:potato":131,"minecraft:chorus_fruit":1,"minecraft:stone_pickaxe":48,"minecraft:wooden_pickaxe":1,"minecraft:sandstone":39,"minecraft:oak_leaves":2,"minecraft:golden_apple":2,"born_in_chaos_v1:infernal_evil_pumpkin":3,"minecraft:bread":36,"minecraft:diamond_sword":34,"minecraft:netherite_sword":10,"minecraft:stone_sword":81,"aoa3:cooked_charger_shank":2,"inventorypets:pet_torch":196,"minecraft:spruce_planks":2,"aoa3:raw_charger_shank":1,"born_in_chaos_v1:fried_maggot":5,"minecraft:stone_hoe":16,"minecraft:dried_kelp_block":1,"minecraft:dirt":2,"alexsmobs:cooked_kangaroo_meat":43,"minecraft:iron_hoe":651,"minecraft:iron_axe":50,"born_in_chaos_v1:bonescaller_spawn_egg":1,"minecraft:salmon_spawn_egg":1,"tombstone:gift":7,"minecraft:cobbled_deepslate":5,"minecraft:acacia_planks":28,"minecraft:enchanted_golden_apple":1,"minecraft:iron_leggings":1,"born_in_chaos_v1:mint_ice_cream":2,"minecraft:water_bucket":2,"minecraft:baked_potato":40,"minecraft:crafting_table":17,"minecraft:red_bed":4,"minecraft:spider_eye":1,"minecraft:white_bed":20,"minecraft:wooden_hoe":12,"minecraft:apple":2,"minecraft:iron_pickaxe":285,"minecraft:netherite_axe":17,"minecraft:stone_axe":21,"minecraft:cobblestone":26,"travelersbackpack:standard":15,"minecraft:cooked_porkchop":1,"minecraft:bucket":3,"aoa3:jade_pickaxe":154,"alexsmobs:animal_dictionary":1,"minecraft:pillager_spawn_egg":2},"minecraft:broken":{"minecraft:iron_hoe":2},"minecraft:mined":{"born_in_chaos_v1:cultivated_pumpkin":4,"minecraft:spruce_planks":4,"minecraft:stone_pressure_plate":1,"minecraft:white_bed":19,"minecraft:farmland":1,"minecraft:sculk_vein":64,"mysticsbiomes:peach_leaves":1,"minecraft:acacia_log":18,"minecraft:grass_block":5,"minecraft:deepslate_bricks":3,"minecraft:spawner":7,"minecraft:iron_ore":6,"minecraft:fire":1,"minecraft:deepslate_lapis_ore":9,"minecraft:sculk_shrieker":6,"minecraft:iron_bars":2,"minecraft:deepslate_redstone_ore":14,"minecraft:red_bed":4,"mysticsbiomes:wildflower":1,"minecraft:soul_fire":3,"minecraft:orange_terracotta":1,"minecraft:torch":2,"minecraft:calcite":3,"minecraft:white_stained_glass_pane":2,"minecraft:cobblestone":1,"aoa3:limonite_ore":3,"minecraft:pink_petals":1,"minecraft:blue_terracotta":1,"aoa3:deepslate_jade_ore":7,"minecraft:stone_brick_stairs":2,"minecraft:grass":8,"minecraft:cracked_deepslate_tiles":1,"minecraft:dirt":4,"minecraft:sand":1,"mysticsbiomes:peach_log":6,"born_in_chaos_v1:infernal_evil_pumpkin_s":1,"minecraft:netherrack":10,"minecraft:oak_leaves":3,"minecraft:deepslate":53,"minecraft:yellow_terracotta":2,"minecraft:deepslate_tiles":8,"minecraft:diamond_ore":2,"minecraft:tuff":2,"minecraft:deepslate_diamond_ore":23,"minecraft:dark_oak_log":1,"born_in_chaos_v1:infected_diamond_ore":1,"minecraft:stripped_jungle_wood":1,"born_in_chaos_v1:infernal_evil_pumpkin":2,"minecraft:moss_block":2,"minecraft:sandstone":47,"minecraft:hay_block":17,"mysticsbiomes:lush_sandstone":3,"minecraft:furnace":9,"minecraft:carrots":24,"minecraft:polished_basalt":2,"minecraft:red_sandstone":6,"minecraft:bookshelf":7,"minecraft:potatoes":78,"minecraft:vine":4,"minecraft:deepslate_iron_ore":16,"minecraft:rail":1,"minecraft:stone":114,"minecraft:acacia_leaves":1,"minecraft:crafting_table":6,"minecraft:mangrove_wood":2,"mysticsbiomes:lush_sand":8,"minecraft:tall_grass":5,"minecraft:dried_kelp_block":18,"minecraft:deepslate_gold_ore":2,"minecraft:lapis_ore":1,"minecraft:cracked_deepslate_bricks":3,"minecraft:sculk":600,"minecraft:diorite":1,"minecraft:coarse_dirt":1,"minecraft:spruce_log":28,"minecraft:coal_ore":67,"minecraft:gravel":2,"minecraft:brown_terracotta":1,"minecraft:cobweb":22,"minecraft:terracotta":2,"minecraft:stone_bricks":2,"minecraft:gold_ore":8}},"DataVersion":3465}