{"stats":{"minecraft:used":{"minecraft:apple":2,"minecraft:dirt":1,"alexsmobs:animal_dictionary":1},"minecraft:custom":{"minecraft:open_chest":6,"minecraft:time_since_rest":5263,"minecraft:crouch_one_cm":276,"minecraft:play_time":18438,"minecraft:sprint_one_cm":28124,"minecraft:damage_taken":40,"minecraft:walk_one_cm":7915,"minecraft:sneak_time":91,"minecraft:jump":186,"minecraft:leave_game":1,"minecraft:time_since_death":18438,"minecraft:sleep_in_bed":1,"minecraft:total_world_time":18438,"minecraft:interact_with_smoker":2,"minecraft:climb_one_cm":1500,"minecraft:interact_with_crafting_table":1,"minecraft:fall_one_cm":4332,"minecraft:fly_one_cm":32039,"minecraft:open_barrel":13},"minecraft:picked_up":{"minecraft:pink_petals":3,"minecraft:mangrove_wood":1,"minecraft:oak_log":1,"minecraft:moss_block":2,"minecraft:dirt":1},"minecraft:mined":{"minecraft:pink_petals":1,"minecraft:grass":1,"minecraft:grass_block":1,"minecraft:tall_grass":1,"minecraft:moss_block":2,"minecraft:oak_leaves":2}},"DataVersion":3465}