{"stats":{"minecraft:used":{"minecraft:diamond_sword":34,"minecraft:apple":2,"minecraft:dirt":1,"alexsmobs:animal_dictionary":1},"minecraft:custom":{"minecraft:open_barrel":13,"minecraft:time_since_rest":12282,"minecraft:crouch_one_cm":464,"minecraft:play_time":25457,"minecraft:sprint_one_cm":37834,"minecraft:damage_taken":40,"minecraft:walk_one_cm":14323,"minecraft:sneak_time":165,"minecraft:mob_kills":1,"minecraft:jump":278,"minecraft:damage_dealt":2990,"minecraft:leave_game":2,"minecraft:time_since_death":25457,"minecraft:climb_one_cm":1532,"minecraft:sleep_in_bed":1,"minecraft:interact_with_smoker":2,"minecraft:total_world_time":25457,"minecraft:interact_with_crafting_table":1,"minecraft:fall_one_cm":4332,"minecraft:fly_one_cm":43697,"minecraft:open_chest":6},"minecraft:killed":{"antlers:wendigo":1},"minecraft:mined":{"minecraft:pink_petals":1,"minecraft:grass":1,"minecraft:grass_block":1,"minecraft:tall_grass":1,"minecraft:moss_block":2,"minecraft:oak_leaves":2},"minecraft:picked_up":{"minecraft:pink_petals":3,"aoa3:copper_coin":3,"minecraft:mangrove_wood":1,"minecraft:stripped_jungle_wood":1,"minecraft:oak_log":1,"minecraft:moss_block":2,"minecraft:dirt":1}},"DataVersion":3465}