{"stats":{"minecraft:used":{"minecraft:netherite_sword":4,"minecraft:apple":2,"minecraft:oak_leaves":2,"minecraft:diamond_sword":34,"minecraft:dirt":1,"minecraft:skeleton_spawn_egg":1,"alexsmobs:animal_dictionary":1},"minecraft:mined":{"minecraft:pink_petals":1,"minecraft:grass":1,"minecraft:grass_block":1,"minecraft:tall_grass":1,"minecraft:moss_block":2,"minecraft:oak_leaves":2},"minecraft:custom":{"minecraft:time_since_rest":21170,"minecraft:sprint_one_cm":56774,"minecraft:damage_taken":40,"minecraft:walk_one_cm":22558,"minecraft:mob_kills":5,"minecraft:damage_dealt":3565,"minecraft:interact_with_crafting_table":1,"minecraft:fly_one_cm":193344,"minecraft:open_barrel":13,"minecraft:open_chest":7,"minecraft:crouch_one_cm":752,"minecraft:play_time":34345,"tombstone:undead_killed":2,"minecraft:sneak_time":836,"minecraft:walk_under_water_one_cm":959,"minecraft:damage_dealt_resisted":0,"minecraft:jump":431,"minecraft:leave_game":4,"minecraft:time_since_death":34345,"minecraft:walk_on_water_one_cm":1044,"minecraft:climb_one_cm":2661,"minecraft:sleep_in_bed":1,"minecraft:interact_with_smoker":2,"minecraft:total_world_time":34345,"minecraft:fall_one_cm":4332},"minecraft:killed":{"minecraft:skeleton":2,"aoa3:charger":1,"alexsmobs:fly":1,"antlers:wendigo":1},"minecraft:picked_up":{"born_in_chaos_v1:fused_bone":1,"minecraft:pink_petals":3,"minecraft:feather":1,"aoa3:copper_coin":7,"minecraft:oak_log":1,"tombstone:grave_dust":1,"minecraft:dirt":1,"minecraft:skeleton_spawn_egg":1,"minecraft:bone":3,"minecraft:arrow":4,"minecraft:mangrove_wood":1,"minecraft:stripped_jungle_wood":1,"aoa3:raw_charger_shank":1,"minecraft:moss_block":2}},"DataVersion":3465}