{"stats":{"minecraft:used":{"alexsmobs:animal_dictionary":1},"minecraft:custom":{"minecraft:jump":88,"minecraft:time_since_rest":5757,"minecraft:crouch_one_cm":276,"minecraft:sprint_one_cm":13077,"minecraft:play_time":5757,"minecraft:damage_taken":40,"minecraft:time_since_death":5757,"minecraft:walk_one_cm":3703,"minecraft:climb_one_cm":682,"minecraft:sneak_time":91,"minecraft:interact_with_smoker":2,"minecraft:total_world_time":5757,"minecraft:interact_with_crafting_table":1,"minecraft:fall_one_cm":1648,"minecraft:fly_one_cm":15331,"minecraft:open_chest":6,"minecraft:open_barrel":13},"minecraft:picked_up":{"minecraft:pink_petals":3,"minecraft:oak_log":1,"minecraft:mangrove_wood":1},"minecraft:mined":{"minecraft:pink_petals":1,"minecraft:grass":1,"minecraft:tall_grass":1}},"DataVersion":3465}