{"stats":{"minecraft:picked_up":{"minecraft:pink_petals":3,"minecraft:mangrove_wood":1,"minecraft:oak_log":1,"minecraft:moss_block":2,"minecraft:dirt":1},"minecraft:custom":{"minecraft:open_barrel":13,"minecraft:time_since_rest":7658,"minecraft:crouch_one_cm":405,"minecraft:play_time":20833,"minecraft:sprint_one_cm":31668,"minecraft:damage_taken":40,"minecraft:walk_one_cm":9353,"minecraft:sneak_time":111,"minecraft:jump":200,"minecraft:leave_game":2,"minecraft:time_since_death":20833,"minecraft:climb_one_cm":1532,"minecraft:sleep_in_bed":1,"minecraft:interact_with_smoker":2,"minecraft:total_world_time":20833,"minecraft:interact_with_crafting_table":1,"minecraft:fall_one_cm":4332,"minecraft:fly_one_cm":36582,"minecraft:open_chest":6},"minecraft:mined":{"minecraft:pink_petals":1,"minecraft:grass":1,"minecraft:grass_block":1,"minecraft:tall_grass":1,"minecraft:moss_block":2,"minecraft:oak_leaves":2},"minecraft:used":{"minecraft:apple":2,"minecraft:dirt":1,"alexsmobs:animal_dictionary":1}},"DataVersion":3465}