{"stats":{"minecraft:custom":{"minecraft:interact_with_crafting_table":34,"minecraft:open_barrel":39,"minecraft:leave_game":11,"minecraft:time_since_death":12117,"minecraft:damage_resisted":152,"minecraft:sprint_one_cm":644016,"minecraft:drop":158,"minecraft:talked_to_villager":1,"minecraft:play_time":258018,"minecraft:deaths":23,"minecraft:jump":5491,"minecraft:walk_on_water_one_cm":31868,"minecraft:interact_with_furnace":36,"minecraft:sleep_in_bed":15,"minecraft:damage_dealt":52983,"minecraft:crouch_one_cm":16037,"tombstone:undead_killed":24,"minecraft:interact_with_smoker":2,"minecraft:mob_kills":244,"minecraft:damage_dealt_resisted":964,"minecraft:climb_one_cm":11488,"minecraft:walk_one_cm":278716,"minecraft:sneak_time":6427,"minecraft:walk_under_water_one_cm":16363,"minecraft:total_world_time":258018,"tombstone:raider_killed":87,"minecraft:time_since_rest":11596,"minecraft:damage_taken":12194,"minecraft:damage_absorbed":160,"minecraft:trigger_trapped_chest":5,"minecraft:swim_one_cm":38423,"minecraft:fly_one_cm":1244944,"minecraft:open_chest":67,"minecraft:fall_one_cm":170528},"minecraft:dropped":{"minecraft:iron_sword":1,"minecraft:red_sandstone":208,"minecraft:crossbow":5,"inventorypets:pet_sated_double_chest":1,"born_in_chaos_v1:cultivated_pumpkin":4,"minecraft:iron_horse_armor":1,"aoa3:copper_coin":27,"born_in_chaos_v1:pieceofdarkmetal":1,"aoa3:limonite_bullet":12,"aoa3:carved_rune_of_reality":1,"born_in_chaos_v1:monster_flesh":9,"minecraft:red_bed":1,"born_in_chaos_v1:monster_skin":1,"iceandfire:myrmex_desert_chitin":7,"theoneprobe:probenote":3,"aoa3:carved_rune_of_space":1,"minecraft:sand":27,"minecraft:white_wool":2,"minecraft:gold_ingot":2,"minecraft:gravel":1,"minecraft:pillager_spawn_egg":2,"minecraft:iron_nugget":11,"minecraft:cobbled_deepslate":4,"minecraft:soul_lantern":1,"minecraft:rotten_flesh":11,"minecraft:oak_planks":6,"aoa3:carved_rune_of_travel":6,"minecraft:salmon":5,"aoa3:sharp_claw":3,"minecraft:skeleton_skull":1,"born_in_chaos_v1:fangofthe_hound_leader":2,"born_in_chaos_v1:corpse_maggot":1,"minecraft:arrow":3,"iceandfire:deathworm_chitin_yellow":6,"minecraft:bread":16,"born_in_chaos_v1:intoxicating_decoction":2,"born_in_chaos_v1:shattered_skull":1,"minecraft:wheat_seeds":3,"aoa3:scrap_metal":20,"minecraft:feather":6,"minecraft:yellow_terracotta":41,"minecraft:cobblestone":4,"minecraft:book":13,"aoa3:fire_rune":1,"minecraft:coal":13,"minecraft:stick":8,"iceandfire:deathworm_chitin_red":8,"born_in_chaos_v1:gnawed_bones":1,"aoa3:tea_seeds":8,"minecraft:wooden_hoe":2,"tombstone:grave_key":2,"tombstone:grave_dust":2,"minecraft:white_banner":8,"minecraft:iron_axe":1,"minecraft:string":8,"minecraft:acacia_planks":48,"minecraft:furnace":1,"minecraft:blue_terracotta":1,"alexsmobs:maggot":2,"minecraft:soul_torch":1,"minecraft:stone_sword":1,"born_in_chaos_v1:mr_pumpkin_spawn_egg":1,"minecraft:coarse_dirt":1,"aoa3:raw_charger_shank":2,"minecraft:raw_iron":1,"minecraft:white_terracotta":26,"minecraft:pumpkin_seeds":96,"minecraft:deepslate_bricks":3,"aoa3:carved_rune_of_direction":1,"magistuarmory:chainmail_horse_armor":1,"minecraft:orange_terracotta":1,"minecraft:slime_ball":2,"minecraft:sandstone":8,"minecraft:stone_pickaxe":1,"minecraft:wooden_pickaxe":2,"minecraft:cracked_deepslate_bricks":3,"minecraft:calcite":1,"minecraft:nautilus_shell":1,"minecraft:terracotta":4},"minecraft:killed":{"minecraft:cave_spider":1,"born_in_chaos_v1:mr_pumpkin":4,"minecraft:witch":1,"born_in_chaos_v1:restless_spirit":1,"born_in_chaos_v1:sir_the_headless":1,"minecraft:spider":6,"world:dryad":1,"world:appleant_2":1,"minecraft:skeleton":3,"minecraft:bee":1,"realmrpg_demons:chort":3,"born_in_chaos_v1:skeleton_thrasher":1,"antlers:wendigo":1,"alexsmobs:kangaroo":32,"iceandfire:myrmex_worker":1,"minecraft:salmon":5,"minecraft:pillager":86,"antlers:wendigomad":2,"minecraft:zombie":9,"aoa3:goblin":3,"born_in_chaos_v1:dread_hound":4,"alexsmobs:terrapin":2,"born_in_chaos_v1:corpse_fly":11,"alexsmobs:fly":4,"alexsmobs:tarantula_hawk":1,"aoa3:charger":5,"born_in_chaos_v1:thornshell_crab":1,"born_in_chaos_v1:maggot":4,"born_in_chaos_v1:pumpkinhead":1,"born_in_chaos_v1:dire_hound_leader":1,"minecraft:drowned":4,"iceandfire:deathworm":3,"born_in_chaos_v1:seared_spirit_not_despawn":1,"world:goblin":4,"aoa3:cyclops":2,"majruszsdifficulty:cursed_armor":2,"born_in_chaos_v1:decrepit_skeleton":4,"alexsmobs:emu":4,"iceandfire:myrmex_soldier":1,"iceandfire:ghost":3},"minecraft:killed_by":{"antlers:wendigo":4},"minecraft:crafted":{"minecraft:oak_planks":28,"mysticsbiomes:peach_planks":20,"minecraft:iron_boots":1,"inventorypets:pet_chest":1,"inventorypets:pet_double_chest":2,"minecraft:crafting_table":8,"minecraft:gold_block":1,"minecraft:iron_chestplate":1,"minecraft:wooden_hoe":1,"minecraft:stick":12,"minecraft:iron_ingot":4,"minecraft:iron_pickaxe":1,"minecraft:iron_nugget":72,"minecraft:furnace":2,"minecraft:bone_meal":54,"aoa3:cooked_charger_shank":2,"minecraft:leather":4,"minecraft:iron_hoe":2,"born_in_chaos_v1:fried_maggot":5,"inventorypets:nugget_diamond":18,"minecraft:wheat":144,"inventorypets:pet_torch":1,"inventorypets:pet_sated_double_chest":2,"alexsmobs:cooked_kangaroo_meat":46,"minecraft:mangrove_planks":4,"minecraft:bone":6,"minecraft:bread":49,"minecraft:air":0,"minecraft:jungle_planks":4,"minecraft:white_wool":4,"inventorypets:nugget_coal":64,"minecraft:gold_nugget":18,"minecraft:iron_leggings":1,"minecraft:white_bed":1,"inventorypets:pet_anvil":1,"minecraft:acacia_planks":72},"minecraft:picked_up":{"aoa3:fire_rune":1,"minecraft:wheat":4,"minecraft:chainmail_boots":1,"mysticsbiomes:peach_log":5,"tombstone:grave_key":1,"aoa3:carved_rune_of_direction":3,"minecraft:string":13,"minecraft:iron_leggings":8,"minecraft:diamond_leggings":3,"minecraft:cobbled_deepslate":9,"minecraft:spruce_planks":4,"minecraft:calcite":1,"minecraft:furnace":8,"minecraft:stick":11,"apotheosis:gem":11,"born_in_chaos_v1:shattered_skull":1,"minecraft:acacia_log":18,"born_in_chaos_v1:flaming_evil_pumpkin":1,"tombstone:grave_dust":2,"aoa3:carved_rune_of_travel":4,"majruszsdifficulty:cursed_armor_spawn_egg":1,"minecraft:stone_sword":1,"minecraft:rotten_flesh":40,"iceandfire:deathworm_chitin_yellow":6,"iceandfire:myrmex_desert_chitin":4,"alexsmobs:emu_egg":3,"minecraft:white_terracotta":26,"aoa3:raw_limonite":3,"born_in_chaos_v1:cultivated_pumpkin":4,"minecraft:cobblestone":95,"minecraft:nautilus_shell":1,"minecraft:pink_petals":3,"minecraft:feather":7,"alexsmobs:cooked_kangaroo_meat":1,"minecraft:lapis_lazuli":5,"minecraft:dirt":2,"born_in_chaos_v1:monster_skin":7,"minecraft:leather_boots":1,"minecraft:bone":20,"minecraft:acacia_planks":62,"minecraft:wheat_seeds":3,"minecraft:raw_gold":10,"theoneprobe:probenote":1,"aoa3:sharp_claw":2,"aoa3:tea_seeds":7,"minecraft:moss_block":2,"minecraft:cooked_porkchop":1,"minecraft:sand":27,"minecraft:skeleton_spawn_egg":1,"minecraft:blue_terracotta":1,"minecraft:diamond":5,"minecraft:mangrove_wood":2,"minecraft:spruce_boat":2,"minecraft:soul_lantern":1,"minecraft:crossbow":5,"born_in_chaos_v1:mr_pumpkin_spawn_egg":1,"minecraft:golden_apple":1,"minecraft:chainmail_helmet":9,"minecraft:golden_horse_armor":1,"minecraft:netherrack":1,"minecraft:crafting_table":6,"minecraft:coarse_dirt":1,"aoa3:copper_coin":71,"minecraft:turtle_helmet":1,"minecraft:wooden_pickaxe":3,"aoa3:carved_rune_of_space":1,"minecraft:red_bed":5,"minecraft:iron_axe":2,"born_in_chaos_v1:intoxicating_decoction":2,"minecraft:salmon_spawn_egg":1,"aoa3:raw_charger_shank":3,"born_in_chaos_v1:gnawed_bones":1,"minecraft:iron_nugget":15,"minecraft:raw_iron":15,"minecraft:sandstone":47,"born_in_chaos_v1:pieceofdarkmetal":1,"minecraft:carrot":8,"iceandfire:deathworm_egg_giant":1,"minecraft:iron_horse_armor":1,"travelersbackpack:snow":1,"inventorypets:pet_chest":1,"minecraft:arrow":8,"minecraft:hay_block":17,"minecraft:deepslate_bricks":3,"minecraft:cracked_deepslate_bricks":3,"minecraft:yellow_terracotta":41,"minecraft:gold_ingot":11,"tombstone:essence_of_undeath":1,"alexsmobs:kangaroo_meat":48,"minecraft:white_wool":1,"born_in_chaos_v1:fused_bone":1,"born_in_chaos_v1:corpse_maggot":7,"aoa3:carved_rune_of_reality":1,"born_in_chaos_v1:monster_flesh":14,"inventorypets:pet_double_chest":1,"minecraft:oak_log":8,"magistuarmory:chainmail_horse_armor":1,"minecraft:wooden_hoe":1,"minecraft:white_banner":8,"tombstone:gift":1,"minecraft:orange_terracotta":1,"born_in_chaos_v1:soul_cutlass":1,"minecraft:red_sandstone":179,"minecraft:iron_ingot":5,"minecraft:stone_pickaxe":1,"minecraft:iron_sword":1,"aoa3:limonite_bullet":12,"minecraft:book":21,"world:crystal_10":1,"minecraft:pillager_spawn_egg":4,"minecraft:gravel":1,"aoa3:scrap_metal":6,"born_in_chaos_v1:fangofthe_hound_leader":2,"minecraft:white_bed":17,"minecraft:spider_eye":1,"minecraft:pumpkin_seeds":78,"minecraft:dried_kelp_block":73,"minecraft:stone_axe":1,"minecraft:stripped_jungle_wood":2,"minecraft:terracotta":4,"minecraft:coal":105},"minecraft:used":{"alexsmobs:emu_egg":2,"minecraft:stone":2,"minecraft:iron_sword":209,"minecraft:rotten_flesh":15,"minecraft:iron_chestplate":1,"minecraft:skeleton_spawn_egg":1,"minecraft:carrot":17,"born_in_chaos_v1:soul_cutlass":424,"minecraft:spruce_boat":2,"tombstone:tablet_of_cupidity":2,"minecraft:hay_block":1,"minecraft:furnace":8,"minecraft:chorus_fruit":1,"minecraft:stone_pickaxe":48,"minecraft:wooden_pickaxe":1,"minecraft:sandstone":39,"minecraft:oak_leaves":2,"minecraft:bread":34,"minecraft:diamond_sword":34,"minecraft:netherite_sword":10,"minecraft:stone_sword":81,"aoa3:cooked_charger_shank":2,"inventorypets:pet_torch":20,"minecraft:spruce_planks":2,"aoa3:raw_charger_shank":1,"born_in_chaos_v1:fried_maggot":5,"minecraft:dirt":2,"alexsmobs:cooked_kangaroo_meat":35,"minecraft:iron_hoe":500,"minecraft:iron_axe":21,"minecraft:salmon_spawn_egg":1,"tombstone:gift":7,"minecraft:acacia_planks":25,"minecraft:cobbled_deepslate":5,"minecraft:enchanted_golden_apple":1,"minecraft:iron_leggings":1,"born_in_chaos_v1:mint_ice_cream":2,"minecraft:crafting_table":14,"minecraft:red_bed":4,"minecraft:white_bed":17,"minecraft:wooden_hoe":12,"minecraft:apple":2,"minecraft:iron_pickaxe":280,"minecraft:netherite_axe":17,"minecraft:stone_axe":21,"minecraft:cobblestone":12,"minecraft:cooked_porkchop":1,"alexsmobs:animal_dictionary":1,"minecraft:pillager_spawn_egg":2},"minecraft:broken":{"minecraft:iron_hoe":2},"minecraft:mined":{"born_in_chaos_v1:cultivated_pumpkin":4,"minecraft:stone_pressure_plate":1,"minecraft:spruce_planks":4,"minecraft:white_bed":17,"minecraft:sculk_vein":56,"mysticsbiomes:peach_leaves":1,"minecraft:acacia_log":18,"minecraft:grass_block":1,"minecraft:deepslate_bricks":3,"minecraft:spawner":2,"minecraft:iron_ore":2,"minecraft:fire":1,"minecraft:deepslate_lapis_ore":1,"minecraft:sculk_shrieker":6,"mysticsbiomes:wildflower":1,"minecraft:red_bed":4,"minecraft:soul_fire":3,"minecraft:orange_terracotta":1,"minecraft:calcite":3,"minecraft:white_stained_glass_pane":2,"minecraft:cobblestone":1,"aoa3:limonite_ore":3,"minecraft:pink_petals":1,"minecraft:blue_terracotta":1,"minecraft:grass":7,"minecraft:cracked_deepslate_tiles":1,"minecraft:sand":1,"minecraft:dirt":1,"mysticsbiomes:peach_log":6,"born_in_chaos_v1:infernal_evil_pumpkin_s":1,"minecraft:netherrack":10,"minecraft:oak_leaves":2,"minecraft:deepslate":16,"minecraft:deepslate_tiles":8,"minecraft:deepslate_diamond_ore":5,"minecraft:dark_oak_log":1,"minecraft:stripped_jungle_wood":1,"minecraft:moss_block":2,"minecraft:sandstone":47,"minecraft:hay_block":17,"minecraft:furnace":8,"minecraft:carrots":8,"minecraft:red_sandstone":6,"minecraft:polished_basalt":2,"minecraft:bookshelf":7,"minecraft:deepslate_iron_ore":13,"minecraft:vine":2,"minecraft:rail":1,"minecraft:stone":86,"minecraft:acacia_leaves":1,"minecraft:crafting_table":6,"minecraft:mangrove_wood":2,"mysticsbiomes:lush_sand":1,"minecraft:tall_grass":5,"minecraft:dried_kelp_block":17,"minecraft:deepslate_gold_ore":2,"minecraft:cracked_deepslate_bricks":3,"minecraft:sculk":458,"minecraft:diorite":1,"minecraft:coarse_dirt":1,"minecraft:coal_ore":64,"minecraft:brown_terracotta":1,"minecraft:terracotta":2,"minecraft:gold_ore":8}},"DataVersion":3465}