{"stats":{"minecraft:custom":{"minecraft:mob_kills":207,"minecraft:interact_with_crafting_table":25,"minecraft:open_barrel":39,"minecraft:damage_dealt_resisted":770,"minecraft:leave_game":11,"minecraft:time_since_death":53015,"minecraft:climb_one_cm":10833,"minecraft:damage_resisted":152,"minecraft:sprint_one_cm":487372,"minecraft:walk_one_cm":241236,"minecraft:drop":125,"minecraft:talked_to_villager":1,"minecraft:play_time":222018,"minecraft:sneak_time":5918,"minecraft:deaths":22,"minecraft:walk_under_water_one_cm":16306,"minecraft:jump":4653,"minecraft:walk_on_water_one_cm":31600,"minecraft:total_world_time":222018,"minecraft:interact_with_furnace":28,"tombstone:raider_killed":71,"minecraft:sleep_in_bed":13,"minecraft:time_since_rest":4599,"minecraft:damage_taken":10271,"minecraft:damage_absorbed":160,"minecraft:trigger_trapped_chest":5,"minecraft:damage_dealt":44685,"minecraft:swim_one_cm":37734,"minecraft:fly_one_cm":1015449,"minecraft:open_chest":64,"minecraft:crouch_one_cm":14556,"tombstone:undead_killed":22,"minecraft:interact_with_smoker":2,"minecraft:fall_one_cm":137888},"minecraft:dropped":{"minecraft:bread":16,"born_in_chaos_v1:intoxicating_decoction":2,"born_in_chaos_v1:shattered_skull":1,"minecraft:wheat_seeds":2,"aoa3:scrap_metal":17,"minecraft:crossbow":2,"minecraft:red_sandstone":208,"born_in_chaos_v1:cultivated_pumpkin":4,"minecraft:yellow_terracotta":41,"inventorypets:pet_sated_double_chest":1,"minecraft:feather":2,"minecraft:cobblestone":4,"minecraft:book":13,"aoa3:fire_rune":1,"minecraft:iron_horse_armor":1,"aoa3:copper_coin":27,"aoa3:limonite_bullet":12,"minecraft:coal":13,"aoa3:carved_rune_of_reality":1,"minecraft:stick":6,"iceandfire:deathworm_chitin_red":8,"minecraft:red_bed":1,"aoa3:tea_seeds":7,"minecraft:wooden_hoe":2,"tombstone:grave_key":2,"minecraft:white_banner":6,"theoneprobe:probenote":3,"tombstone:grave_dust":2,"aoa3:carved_rune_of_space":1,"minecraft:sand":27,"minecraft:iron_axe":1,"minecraft:string":8,"minecraft:white_wool":2,"minecraft:acacia_planks":48,"minecraft:gold_ingot":2,"minecraft:gravel":1,"minecraft:furnace":1,"minecraft:blue_terracotta":1,"alexsmobs:maggot":2,"minecraft:soul_torch":1,"minecraft:iron_nugget":11,"minecraft:coarse_dirt":1,"born_in_chaos_v1:mr_pumpkin_spawn_egg":1,"minecraft:stone_sword":1,"minecraft:cobbled_deepslate":4,"aoa3:raw_charger_shank":2,"minecraft:soul_lantern":1,"minecraft:raw_iron":1,"minecraft:rotten_flesh":9,"minecraft:white_terracotta":26,"aoa3:carved_rune_of_travel":6,"minecraft:salmon":5,"minecraft:pumpkin_seeds":96,"minecraft:deepslate_bricks":3,"magistuarmory:chainmail_horse_armor":1,"aoa3:sharp_claw":3,"minecraft:skeleton_skull":1,"minecraft:orange_terracotta":1,"born_in_chaos_v1:corpse_maggot":1,"minecraft:slime_ball":2,"minecraft:sandstone":8,"minecraft:arrow":3,"minecraft:wooden_pickaxe":2,"minecraft:stone_pickaxe":1,"minecraft:calcite":1,"minecraft:cracked_deepslate_bricks":3,"minecraft:nautilus_shell":1,"iceandfire:deathworm_chitin_yellow":4,"minecraft:terracotta":4},"minecraft:killed":{"minecraft:cave_spider":1,"born_in_chaos_v1:mr_pumpkin":4,"minecraft:witch":1,"born_in_chaos_v1:restless_spirit":1,"born_in_chaos_v1:sir_the_headless":1,"aoa3:charger":5,"minecraft:spider":6,"born_in_chaos_v1:thornshell_crab":1,"born_in_chaos_v1:maggot":4,"world:dryad":1,"world:appleant_2":1,"born_in_chaos_v1:pumpkinhead":1,"minecraft:skeleton":3,"minecraft:bee":1,"realmrpg_demons:chort":3,"minecraft:drowned":4,"iceandfire:deathworm":3,"antlers:wendigo":1,"born_in_chaos_v1:seared_spirit_not_despawn":1,"alexsmobs:kangaroo":29,"world:goblin":2,"minecraft:salmon":5,"aoa3:cyclops":2,"majruszsdifficulty:cursed_armor":1,"born_in_chaos_v1:decrepit_skeleton":3,"minecraft:pillager":70,"antlers:wendigomad":2,"minecraft:zombie":9,"aoa3:goblin":3,"iceandfire:ghost":3,"alexsmobs:terrapin":2,"born_in_chaos_v1:corpse_fly":11,"alexsmobs:fly":4},"minecraft:killed_by":{"antlers:wendigo":3},"minecraft:crafted":{"minecraft:oak_planks":20,"minecraft:iron_nugget":9,"minecraft:furnace":2,"minecraft:bone_meal":54,"aoa3:cooked_charger_shank":2,"minecraft:leather":4,"minecraft:iron_hoe":2,"born_in_chaos_v1:fried_maggot":5,"inventorypets:nugget_diamond":18,"inventorypets:pet_chest":1,"minecraft:wheat":144,"inventorypets:pet_double_chest":2,"minecraft:crafting_table":7,"inventorypets:pet_sated_double_chest":2,"alexsmobs:cooked_kangaroo_meat":16,"minecraft:mangrove_planks":4,"minecraft:bread":49,"minecraft:air":0,"minecraft:jungle_planks":4,"minecraft:wooden_hoe":1,"minecraft:white_wool":4,"minecraft:gold_nugget":18,"minecraft:stick":8,"minecraft:iron_ingot":4,"minecraft:iron_pickaxe":1,"minecraft:white_bed":1,"minecraft:acacia_planks":72},"minecraft:picked_up":{"aoa3:fire_rune":1,"minecraft:coarse_dirt":1,"minecraft:crafting_table":5,"minecraft:wheat":4,"minecraft:chainmail_boots":1,"aoa3:copper_coin":62,"minecraft:turtle_helmet":1,"minecraft:wooden_pickaxe":3,"aoa3:carved_rune_of_space":1,"tombstone:grave_key":1,"aoa3:carved_rune_of_direction":2,"minecraft:string":13,"minecraft:red_bed":5,"minecraft:iron_axe":2,"minecraft:iron_leggings":8,"born_in_chaos_v1:intoxicating_decoction":2,"minecraft:salmon_spawn_egg":1,"minecraft:diamond_leggings":3,"minecraft:cobbled_deepslate":9,"minecraft:spruce_planks":2,"aoa3:raw_charger_shank":3,"minecraft:calcite":1,"minecraft:iron_nugget":12,"minecraft:furnace":6,"minecraft:raw_iron":15,"minecraft:stick":9,"minecraft:sandstone":47,"apotheosis:gem":10,"born_in_chaos_v1:shattered_skull":1,"born_in_chaos_v1:flaming_evil_pumpkin":1,"minecraft:acacia_log":18,"tombstone:grave_dust":2,"minecraft:carrot":8,"aoa3:carved_rune_of_travel":4,"iceandfire:deathworm_egg_giant":1,"minecraft:iron_horse_armor":1,"majruszsdifficulty:cursed_armor_spawn_egg":1,"travelersbackpack:snow":1,"minecraft:stone_sword":1,"minecraft:arrow":8,"inventorypets:pet_chest":1,"minecraft:rotten_flesh":38,"iceandfire:deathworm_chitin_yellow":4,"minecraft:deepslate_bricks":3,"minecraft:hay_block":17,"tombstone:essence_of_undeath":1,"minecraft:cracked_deepslate_bricks":3,"minecraft:yellow_terracotta":41,"alexsmobs:emu_egg":2,"minecraft:gold_ingot":11,"born_in_chaos_v1:cultivated_pumpkin":4,"aoa3:raw_limonite":3,"minecraft:white_terracotta":26,"alexsmobs:kangaroo_meat":48,"minecraft:white_wool":1,"minecraft:cobblestone":87,"born_in_chaos_v1:fused_bone":1,"minecraft:nautilus_shell":1,"minecraft:pink_petals":3,"born_in_chaos_v1:corpse_maggot":7,"minecraft:feather":4,"aoa3:carved_rune_of_reality":1,"inventorypets:pet_double_chest":1,"minecraft:oak_log":8,"alexsmobs:cooked_kangaroo_meat":1,"magistuarmory:chainmail_horse_armor":1,"minecraft:wooden_hoe":1,"minecraft:lapis_lazuli":5,"tombstone:gift":1,"minecraft:dirt":2,"minecraft:white_banner":6,"minecraft:orange_terracotta":1,"minecraft:leather_boots":1,"minecraft:bone":19,"born_in_chaos_v1:soul_cutlass":1,"minecraft:acacia_planks":62,"minecraft:red_sandstone":179,"minecraft:wheat_seeds":2,"minecraft:raw_gold":10,"theoneprobe:probenote":1,"minecraft:iron_ingot":5,"minecraft:stone_pickaxe":1,"aoa3:sharp_claw":2,"aoa3:tea_seeds":6,"minecraft:moss_block":2,"aoa3:limonite_bullet":12,"minecraft:book":21,"minecraft:pillager_spawn_egg":2,"world:crystal_10":1,"minecraft:cooked_porkchop":1,"minecraft:gravel":1,"minecraft:sand":27,"aoa3:scrap_metal":6,"minecraft:white_bed":13,"minecraft:spider_eye":1,"minecraft:skeleton_spawn_egg":1,"minecraft:blue_terracotta":1,"minecraft:pumpkin_seeds":78,"minecraft:dried_kelp_block":48,"minecraft:stone_axe":1,"minecraft:mangrove_wood":2,"minecraft:diamond":5,"minecraft:spruce_boat":2,"minecraft:soul_lantern":1,"minecraft:stripped_jungle_wood":2,"minecraft:crossbow":3,"born_in_chaos_v1:mr_pumpkin_spawn_egg":1,"minecraft:golden_apple":1,"minecraft:golden_horse_armor":1,"minecraft:chainmail_helmet":9,"minecraft:terracotta":4,"minecraft:coal":59},"minecraft:used":{"alexsmobs:emu_egg":2,"minecraft:netherite_sword":10,"minecraft:stone_sword":81,"aoa3:cooked_charger_shank":2,"minecraft:spruce_planks":2,"minecraft:stone":2,"minecraft:iron_sword":148,"born_in_chaos_v1:fried_maggot":5,"minecraft:rotten_flesh":15,"aoa3:raw_charger_shank":1,"minecraft:dirt":2,"minecraft:skeleton_spawn_egg":1,"alexsmobs:cooked_kangaroo_meat":17,"minecraft:carrot":17,"born_in_chaos_v1:soul_cutlass":361,"minecraft:iron_hoe":500,"minecraft:spruce_boat":2,"minecraft:iron_axe":13,"tombstone:tablet_of_cupidity":2,"minecraft:hay_block":1,"minecraft:salmon_spawn_egg":1,"minecraft:furnace":6,"tombstone:gift":7,"minecraft:cobbled_deepslate":5,"minecraft:acacia_planks":25,"minecraft:enchanted_golden_apple":1,"born_in_chaos_v1:mint_ice_cream":2,"minecraft:chorus_fruit":1,"minecraft:stone_pickaxe":48,"minecraft:sandstone":39,"minecraft:wooden_pickaxe":1,"minecraft:oak_leaves":2,"minecraft:red_bed":4,"minecraft:crafting_table":12,"minecraft:white_bed":13,"minecraft:wooden_hoe":12,"minecraft:apple":2,"minecraft:iron_pickaxe":211,"minecraft:bread":34,"minecraft:netherite_axe":17,"minecraft:cobblestone":12,"minecraft:stone_axe":21,"minecraft:diamond_sword":34,"minecraft:cooked_porkchop":1,"alexsmobs:animal_dictionary":1},"minecraft:broken":{"minecraft:iron_hoe":2},"minecraft:mined":{"minecraft:deepslate_tiles":8,"minecraft:spruce_planks":2,"born_in_chaos_v1:cultivated_pumpkin":4,"minecraft:stone_pressure_plate":1,"minecraft:white_bed":13,"minecraft:deepslate_diamond_ore":5,"minecraft:sculk_vein":56,"minecraft:dark_oak_log":1,"mysticsbiomes:peach_leaves":1,"minecraft:acacia_log":18,"minecraft:grass_block":1,"minecraft:stripped_jungle_wood":1,"minecraft:deepslate_bricks":3,"minecraft:moss_block":2,"minecraft:sandstone":47,"minecraft:spawner":2,"minecraft:hay_block":17,"minecraft:furnace":6,"minecraft:carrots":8,"minecraft:polished_basalt":2,"minecraft:red_sandstone":6,"minecraft:iron_ore":2,"minecraft:deepslate_lapis_ore":1,"minecraft:sculk_shrieker":6,"minecraft:bookshelf":7,"minecraft:vine":1,"minecraft:deepslate_iron_ore":13,"minecraft:rail":1,"minecraft:stone":77,"minecraft:acacia_leaves":1,"minecraft:red_bed":4,"minecraft:soul_fire":3,"minecraft:orange_terracotta":1,"minecraft:crafting_table":5,"minecraft:mangrove_wood":2,"minecraft:calcite":3,"minecraft:white_stained_glass_pane":2,"mysticsbiomes:lush_sand":1,"minecraft:tall_grass":5,"minecraft:cobblestone":1,"minecraft:dried_kelp_block":17,"minecraft:deepslate_gold_ore":2,"minecraft:cracked_deepslate_bricks":3,"minecraft:sculk":458,"minecraft:diorite":1,"aoa3:limonite_ore":3,"minecraft:pink_petals":1,"minecraft:coarse_dirt":1,"minecraft:blue_terracotta":1,"minecraft:grass":7,"minecraft:cracked_deepslate_tiles":1,"minecraft:coal_ore":17,"minecraft:dirt":1,"minecraft:sand":1,"minecraft:brown_terracotta":1,"minecraft:terracotta":2,"born_in_chaos_v1:infernal_evil_pumpkin_s":1,"minecraft:gold_ore":8,"minecraft:oak_leaves":2,"minecraft:deepslate":16}},"DataVersion":3465}