{"stats":{"minecraft:dropped":{"minecraft:bread":16},"minecraft:mined":{"minecraft:spruce_planks":2,"minecraft:red_bed":1,"minecraft:mangrove_wood":2,"minecraft:grass_block":1,"minecraft:stripped_jungle_wood":1,"minecraft:white_stained_glass_pane":2,"minecraft:tall_grass":2,"minecraft:dried_kelp_block":17,"minecraft:moss_block":2,"minecraft:pink_petals":1,"minecraft:hay_block":12,"minecraft:iron_ore":2,"minecraft:grass":2,"minecraft:coal_ore":2,"born_in_chaos_v1:infernal_evil_pumpkin_s":1,"minecraft:stone":27,"minecraft:oak_leaves":2},"minecraft:crafted":{"minecraft:crafting_table":2,"minecraft:mangrove_planks":4,"minecraft:bread":33,"minecraft:jungle_planks":4,"minecraft:wheat":99},"minecraft:picked_up":{"born_in_chaos_v1:fused_bone":1,"minecraft:pink_petals":3,"minecraft:wheat":2,"minecraft:feather":4,"minecraft:chainmail_boots":1,"aoa3:copper_coin":17,"minecraft:turtle_helmet":1,"minecraft:wooden_pickaxe":1,"minecraft:oak_log":1,"minecraft:string":1,"minecraft:dirt":1,"minecraft:red_bed":1,"minecraft:bone":7,"born_in_chaos_v1:soul_cutlass":1,"minecraft:spruce_planks":2,"aoa3:raw_charger_shank":2,"minecraft:stone_pickaxe":1,"aoa3:sharp_claw":2,"aoa3:tea_seeds":1,"minecraft:iron_nugget":2,"minecraft:moss_block":2,"minecraft:stick":1,"minecraft:raw_iron":2,"apotheosis:gem":1,"aoa3:scrap_metal":2,"tombstone:grave_dust":1,"aoa3:carved_rune_of_travel":1,"minecraft:spider_eye":1,"minecraft:pumpkin_seeds":30,"travelersbackpack:snow":1,"minecraft:stone_sword":1,"minecraft:skeleton_spawn_egg":1,"minecraft:arrow":6,"minecraft:dried_kelp_block":17,"minecraft:rotten_flesh":3,"minecraft:spruce_boat":2,"minecraft:mangrove_wood":2,"minecraft:stone_axe":1,"minecraft:hay_block":12,"minecraft:stripped_jungle_wood":2,"born_in_chaos_v1:mr_pumpkin_spawn_egg":1,"minecraft:chainmail_helmet":2,"minecraft:coal":3,"minecraft:cobblestone":27,"minecraft:nautilus_shell":1},"minecraft:killed_by":{"antlers:wendigo":1},"minecraft:custom":{"minecraft:mob_kills":24,"minecraft:interact_with_crafting_table":3,"minecraft:open_barrel":22,"minecraft:damage_dealt_resisted":629,"minecraft:leave_game":8,"minecraft:time_since_death":2408,"minecraft:sleep_in_bed":2,"minecraft:climb_one_cm":3377,"minecraft:time_since_rest":2060,"minecraft:sprint_one_cm":144759,"minecraft:damage_taken":2063,"minecraft:walk_one_cm":74876,"minecraft:drop":1,"minecraft:damage_dealt":9351,"minecraft:swim_one_cm":5196,"minecraft:fly_one_cm":400961,"minecraft:deaths":5,"minecraft:open_chest":14,"minecraft:crouch_one_cm":5464,"minecraft:play_time":83620,"tombstone:undead_killed":7,"minecraft:sneak_time":2729,"minecraft:walk_under_water_one_cm":2250,"minecraft:jump":1296,"minecraft:walk_on_water_one_cm":9224,"minecraft:interact_with_smoker":2,"minecraft:total_world_time":83620,"minecraft:fall_one_cm":20198},"minecraft:used":{"minecraft:netherite_sword":10,"minecraft:stone_sword":81,"minecraft:chorus_fruit":1,"minecraft:stone_pickaxe":31,"minecraft:spruce_planks":2,"minecraft:stone":2,"minecraft:oak_leaves":2,"minecraft:dirt":1,"minecraft:skeleton_spawn_egg":1,"minecraft:crafting_table":1,"minecraft:red_bed":1,"born_in_chaos_v1:soul_cutlass":9,"minecraft:spruce_boat":2,"minecraft:apple":2,"minecraft:bread":9,"minecraft:netherite_axe":17,"minecraft:stone_axe":5,"minecraft:diamond_sword":34,"minecraft:cobblestone":8,"minecraft:hay_block":1,"alexsmobs:animal_dictionary":1},"minecraft:killed":{"duckensinvasion:footsoldier_duck":2,"world:goblin":2,"born_in_chaos_v1:mr_pumpkin":4,"born_in_chaos_v1:sir_the_headless":1,"aoa3:charger":2,"minecraft:spider":1,"born_in_chaos_v1:maggot":1,"born_in_chaos_v1:pumpkinhead":1,"minecraft:skeleton":3,"minecraft:zombie":2,"minecraft:drowned":2,"realmrpg_demons:chort":1,"alexsmobs:fly":1,"antlers:wendigo":1}},"DataVersion":3465}