{"stats":{"minecraft:mined":{"minecraft:pink_petals":1,"minecraft:hay_block":12,"minecraft:stripped_jungle_wood":1,"minecraft:grass":1,"minecraft:grass_block":1,"minecraft:tall_grass":1,"minecraft:moss_block":2,"minecraft:oak_leaves":2},"minecraft:crafted":{"minecraft:crafting_table":1,"minecraft:bread":33,"minecraft:jungle_planks":4,"minecraft:wheat":99},"minecraft:picked_up":{"born_in_chaos_v1:fused_bone":1,"minecraft:pink_petals":3,"minecraft:wheat":2,"minecraft:feather":1,"minecraft:chainmail_boots":1,"aoa3:copper_coin":13,"minecraft:turtle_helmet":1,"aoa3:scrap_metal":1,"minecraft:oak_log":1,"tombstone:grave_dust":1,"minecraft:spider_eye":1,"minecraft:string":1,"minecraft:dirt":1,"travelersbackpack:snow":1,"minecraft:skeleton_spawn_egg":1,"minecraft:arrow":6,"minecraft:bone":5,"minecraft:rotten_flesh":1,"minecraft:mangrove_wood":1,"minecraft:hay_block":12,"minecraft:stripped_jungle_wood":2,"aoa3:raw_charger_shank":1,"minecraft:iron_nugget":1,"minecraft:moss_block":2,"minecraft:coal":1},"minecraft:custom":{"minecraft:time_since_rest":48025,"minecraft:sprint_one_cm":86002,"minecraft:walk_one_cm":41833,"minecraft:damage_taken":270,"minecraft:mob_kills":11,"minecraft:damage_dealt":6006,"minecraft:interact_with_crafting_table":3,"minecraft:fly_one_cm":312426,"minecraft:open_barrel":15,"minecraft:open_chest":11,"minecraft:crouch_one_cm":868,"minecraft:play_time":61200,"tombstone:undead_killed":4,"minecraft:sneak_time":1123,"minecraft:walk_under_water_one_cm":959,"minecraft:jump":860,"minecraft:damage_dealt_resisted":0,"minecraft:leave_game":8,"minecraft:time_since_death":61200,"minecraft:walk_on_water_one_cm":1044,"minecraft:climb_one_cm":3130,"minecraft:sleep_in_bed":1,"minecraft:interact_with_smoker":2,"minecraft:total_world_time":61200,"minecraft:fall_one_cm":5284},"minecraft:used":{"minecraft:netherite_sword":10,"minecraft:apple":2,"minecraft:bread":2,"minecraft:chorus_fruit":1,"minecraft:netherite_axe":17,"minecraft:stone":2,"minecraft:oak_leaves":2,"minecraft:diamond_sword":34,"minecraft:dirt":1,"minecraft:skeleton_spawn_egg":1,"minecraft:hay_block":1,"minecraft:crafting_table":1,"alexsmobs:animal_dictionary":1},"minecraft:killed":{"minecraft:skeleton":3,"world:goblin":2,"minecraft:zombie":1,"realmrpg_demons:chort":1,"minecraft:spider":1,"aoa3:charger":1,"alexsmobs:fly":1,"antlers:wendigo":1}},"DataVersion":3465}