{"stats":{"minecraft:mined":{"minecraft:hay_block":4,"minecraft:oak_log":4,"minecraft:red_bed":1,"minecraft:stone":17,"minecraft:oak_leaves":2},"minecraft:crafted":{"minecraft:oak_planks":16,"minecraft:crafting_table":1,"minecraft:stick":4,"minecraft:stone_pickaxe":1,"minecraft:wooden_pickaxe":1,"minecraft:iron_pickaxe":1},"minecraft:picked_up":{"minecraft:feather":1,"minecraft:hay_block":4,"minecraft:oak_log":4,"minecraft:bread":16,"minecraft:cobblestone":15,"minecraft:red_bed":1},"minecraft:custom":{"minecraft:open_barrel":8,"minecraft:time_since_rest":6881,"minecraft:open_chest":6,"minecraft:crouch_one_cm":1565,"minecraft:play_time":6881,"minecraft:sprint_one_cm":10686,"minecraft:damage_taken":10,"minecraft:walk_one_cm":6826,"minecraft:sneak_time":570,"minecraft:mob_kills":1,"minecraft:jump":16,"minecraft:damage_dealt":83,"minecraft:time_since_death":6881,"minecraft:total_world_time":6881,"minecraft:climb_one_cm":80,"minecraft:interact_with_crafting_table":3,"minecraft:fall_one_cm":267,"minecraft:fly_one_cm":2152},"minecraft:used":{"minecraft:crafting_table":1,"minecraft:bread":1,"minecraft:stone_pickaxe":7,"minecraft:wooden_pickaxe":10},"minecraft:killed":{"alexsmobs:seagull":1}},"DataVersion":3465}