{"stats":{"minecraft:dropped":{"minecraft:stone_axe":1,"minecraft:stone_sword":1,"minecraft:stick":1,"aoa3:sharp_claw":1,"minecraft:stone_pickaxe":1,"minecraft:wooden_pickaxe":1},"minecraft:mined":{"iceandfire:silver_ore":4,"minecraft:red_bed":1,"minecraft:crafting_table":3,"minecraft:spruce_leaves":2,"minecraft:hay_block":4,"minecraft:spruce_log":13,"minecraft:oak_log":4,"minecraft:coal_ore":11,"minecraft:stone":53,"minecraft:oak_leaves":2},"minecraft:crafted":{"minecraft:oak_planks":16,"minecraft:crafting_table":1,"minecraft:spruce_planks":8,"minecraft:wooden_pickaxe":1,"minecraft:stone_axe":2,"minecraft:stick":12,"minecraft:iron_pickaxe":1,"minecraft:stone_pickaxe":2,"minecraft:stone_sword":2,"minecraft:spruce_boat":1},"minecraft:picked_up":{"minecraft:crafting_table":3,"minecraft:feather":8,"aoa3:copper_coin":21,"born_in_chaos_v1:pumpkin_staff":1,"minecraft:leather":7,"minecraft:oak_log":4,"minecraft:red_bed":1,"minecraft:bone":3,"aoa3:raw_charger_shank":3,"minecraft:beef":6,"aoa3:sharp_claw":1,"born_in_chaos_v1:fel_lamp":1,"minecraft:stick":1,"apotheosis:gem":1,"tombstone:grave_dust":2,"minecraft:spruce_log":13,"minecraft:drowned_spawn_egg":1,"minecraft:hay_block":4,"minecraft:bread":16,"alexsmobs:maggot":1,"tombstone:magic_scroll":1,"minecraft:coal":12,"iceandfire:raw_silver":4,"minecraft:cobblestone":52},"minecraft:custom":{"minecraft:mob_kills":20,"minecraft:interact_with_crafting_table":7,"minecraft:open_barrel":8,"minecraft:damage_dealt_resisted":533,"minecraft:time_since_death":2553,"minecraft:climb_one_cm":80,"minecraft:time_since_rest":2180,"minecraft:sprint_one_cm":39977,"minecraft:damage_taken":1638,"minecraft:walk_one_cm":31302,"minecraft:drop":6,"minecraft:damage_dealt":5441,"minecraft:talked_to_villager":1,"minecraft:swim_one_cm":3971,"minecraft:fly_one_cm":73730,"minecraft:open_chest":6,"minecraft:crouch_one_cm":3018,"minecraft:deaths":4,"minecraft:play_time":18881,"tombstone:undead_killed":2,"minecraft:sneak_time":936,"minecraft:walk_under_water_one_cm":3087,"tombstone:villager_killed":1,"minecraft:jump":403,"minecraft:walk_on_water_one_cm":6531,"minecraft:total_world_time":18881,"minecraft:fall_one_cm":9722},"minecraft:used":{"minecraft:stone_sword":130,"minecraft:stone_pickaxe":58,"minecraft:wooden_pickaxe":10,"minecraft:crafting_table":3,"minecraft:spruce_boat":1,"minecraft:bread":9,"born_in_chaos_v1:pumpkin_staff":13,"minecraft:stone_axe":18,"tombstone:gift":2},"minecraft:killed":{"world:goblin":2,"born_in_chaos_v1:felsteed":1,"aoa3:charger":3,"alexsmobs:seagull":1,"duckensinvasion:raptor_duck":1,"born_in_chaos_v1:maggot":2,"aoa3:goblin":1,"duckensinvasion:commaner_duckfighting":1,"alexsmobs:fly":2,"minecraft:drowned":1,"minecraft:cow":4}},"DataVersion":3465}