{"stats":{"minecraft:custom":{"minecraft:mob_kills":87,"minecraft:interact_with_crafting_table":25,"minecraft:open_barrel":42,"minecraft:damage_dealt_resisted":749,"minecraft:leave_game":1,"minecraft:time_since_death":49075,"minecraft:climb_one_cm":4526,"minecraft:sprint_one_cm":235404,"minecraft:walk_one_cm":218363,"minecraft:drop":49,"minecraft:talked_to_villager":1,"minecraft:play_time":161317,"minecraft:deaths":7,"minecraft:sneak_time":10740,"minecraft:walk_under_water_one_cm":24941,"minecraft:jump":2303,"minecraft:walk_on_water_one_cm":29964,"minecraft:total_world_time":161317,"minecraft:interact_with_furnace":36,"minecraft:sleep_in_bed":3,"minecraft:time_since_rest":6864,"minecraft:damage_taken":7772,"tombstone:sneak_grave":1,"minecraft:trigger_trapped_chest":5,"minecraft:damage_dealt":16166,"tombstone:cast_on_ally":0,"minecraft:swim_one_cm":28441,"minecraft:fly_one_cm":426046,"minecraft:open_chest":69,"minecraft:crouch_one_cm":31722,"tombstone:undead_killed":19,"tombstone:villager_killed":1,"minecraft:inspect_dispenser":11,"minecraft:fall_one_cm":90249},"minecraft:dropped":{"minecraft:bread":1,"minecraft:lapis_lazuli":5,"aoa3:scrap_metal":2,"minecraft:crafting_table":1,"minecraft:red_sandstone":48,"minecraft:cobblestone":32,"aoa3:copper_coin":4,"born_in_chaos_v1:empty_fel_lamp":1,"born_in_chaos_v1:pieceofdarkmetal":2,"minecraft:stick":1,"born_in_chaos_v1:pumpkin_staff":1,"minecraft:smooth_red_sandstone":3,"theoneprobe:probenote":1,"aoa3:carved_rune_of_space":1,"minecraft:pumpkin":42,"minecraft:bone_meal":45,"minecraft:iron_axe":1,"minecraft:string":7,"minecraft:bone":1,"minecraft:gravel":1,"minecraft:stone_axe":2,"alexsmobs:maggot":1,"minecraft:stone_sword":2,"alexsmobs:animal_dictionary":1,"minecraft:light_gray_terracotta":2,"minecraft:wheat":2,"born_in_chaos_v1:ethereal_spirit":1,"minecraft:oak_planks":6,"minecraft:pumpkin_seeds":39,"minecraft:potato":1,"aoa3:sharp_claw":1,"minecraft:orange_terracotta":1,"apotheosis:gem":1,"minecraft:slime_ball":2,"minecraft:arrow":1,"minecraft:smooth_red_sandstone_stairs":1,"minecraft:stone_pickaxe":2,"minecraft:wooden_pickaxe":3,"minecraft:terracotta":1},"minecraft:killed":{"minecraft:cave_spider":2,"mca:male_zombie_villager":1,"born_in_chaos_v1:restless_spirit":1,"born_in_chaos_v1:zombie_clown_not_despawn":1,"aoa3:charger":3,"minecraft:spider":2,"alexsmobs:seagull":1,"born_in_chaos_v1:siamese_skeletonsright":1,"world:dryad":1,"born_in_chaos_v1:maggot":2,"world:appleant_2":2,"minecraft:skeleton":3,"realmrpg_demons:chort":1,"born_in_chaos_v1:corpse_fish":6,"minecraft:drowned":3,"alexsmobs:kangaroo":9,"born_in_chaos_v1:mr_pumpkin_controlled":1,"world:goblin":4,"minecraft:husk":1,"born_in_chaos_v1:felsteed":1,"born_in_chaos_v1:baby_skeleton":1,"aoa3:cyclops":1,"majruszsdifficulty:cursed_armor":1,"born_in_chaos_v1:decrepit_skeleton":2,"alexsmobs:emu":2,"minecraft:zombie":2,"aoa3:goblin":1,"iceandfire:ghost":2,"born_in_chaos_v1:corpse_fly":2,"born_in_chaos_v1:nightmare_stalker":1,"alexsmobs:fly":3,"born_in_chaos_v1:siamese_skeletonsleft":1,"minecraft:cow":4},"minecraft:crafted":{"minecraft:oak_planks":16,"minecraft:furnace":1,"minecraft:lever":1,"minecraft:bone_meal":45,"minecraft:cooked_mutton":5,"minecraft:bow":2,"minecraft:stone_pickaxe":3,"minecraft:chest":4,"minecraft:spruce_boat":1,"minecraft:wheat":36,"minecraft:cooked_beef":8,"minecraft:crafting_table":2,"minecraft:spruce_planks":88,"minecraft:baked_potato":59,"minecraft:wooden_pickaxe":2,"alexsmobs:cooked_kangaroo_meat":2,"minecraft:pumpkin_seeds":16,"minecraft:stone_axe":2,"minecraft:bread":13,"minecraft:air":0,"minecraft:dispenser":2,"minecraft:stick":72,"minecraft:iron_pickaxe":1,"minecraft:stone_sword":3,"minecraft:torch":16},"minecraft:picked_up":{"iceandfire:dragon_skull_lightning":2,"minecraft:iron_chestplate":1,"aoa3:fire_rune":1,"minecraft:crafting_table":7,"minecraft:wheat":2,"aoa3:copper_coin":78,"minecraft:wooden_pickaxe":1,"aoa3:carved_rune_of_space":1,"minecraft:enchanted_book":7,"minecraft:stone_brick_stairs":3,"minecraft:string":14,"minecraft:red_bed":2,"minecraft:iron_axe":2,"minecraft:cracked_stone_bricks":2,"minecraft:spruce_planks":1,"alexsmobs:emu_feather":1,"born_in_chaos_v1:empty_fel_lamp":1,"minecraft:beef":6,"aoa3:raw_charger_shank":3,"minecraft:cobblestone_slab":2,"minecraft:iron_nugget":1,"minecraft:furnace":1,"minecraft:iron_boots":3,"minecraft:stick":3,"minecraft:raw_iron":8,"iceandfire:dragonbone":26,"apotheosis:gem":3,"minecraft:torch":1,"tombstone:grave_dust":6,"born_in_chaos_v1:nightmare_claw":1,"born_in_chaos_v1:pieceofdarkmetal":2,"minecraft:redstone":3,"minecraft:drowned_spawn_egg":1,"minecraft:arrow":3,"minecraft:rotten_flesh":6,"born_in_chaos_v1:wood_splitter_axe":1,"minecraft:hay_block":4,"minecraft:yellow_terracotta":59,"alexsmobs:emu_egg":2,"minecraft:gold_ingot":1,"minecraft:white_terracotta":15,"minecraft:rail":17,"alexsmobs:kangaroo_meat":2,"minecraft:cobblestone":212,"born_in_chaos_v1:fused_bone":2,"minecraft:smooth_red_sandstone_stairs":1,"born_in_chaos_v1:corpse_maggot":2,"minecraft:leather_chestplate":1,"minecraft:dune_armor_trim_smithing_template":2,"minecraft:feather":8,"born_in_chaos_v1:pumpkin_staff":2,"born_in_chaos_v1:monster_flesh":1,"minecraft:smooth_red_sandstone":3,"minecraft:jungle_log":1,"minecraft:andesite":1,"minecraft:leather":7,"minecraft:potato":11,"minecraft:oak_log":4,"minecraft:chainmail_chestplate":1,"alexsmobs:cooked_kangaroo_meat":11,"minecraft:gunpowder":4,"minecraft:lapis_lazuli":5,"minecraft:dirt":5,"born_in_chaos_v1:nightmare_stalker_skull":1,"minecraft:orange_terracotta":1,"born_in_chaos_v1:monster_skin":5,"minecraft:leather_boots":1,"minecraft:bone":18,"minecraft:bow":1,"minecraft:red_sandstone":130,"minecraft:iron_ingot":3,"minecraft:cobweb":22,"aoa3:sharp_claw":1,"minecraft:mossy_stone_bricks":3,"born_in_chaos_v1:fel_lamp":1,"minecraft:mossy_stone_brick_stairs":2,"minecraft:oak_planks":3,"world:crystal_10":1,"minecraft:pumpkin":46,"minecraft:stone_brick_slab":5,"born_in_chaos_v1:ethereal_spirit":1,"minecraft:gravel":3,"aoa3:scrap_metal":6,"minecraft:white_bed":1,"minecraft:spruce_log":62,"travelersbackpack:fox":1,"minecraft:trapped_chest":2,"minecraft:skeleton_spawn_egg":1,"minecraft:leather_helmet":1,"travelersbackpack:standard":2,"tombstone:scroll_of_true_sight":1,"minecraft:light_gray_terracotta":2,"alexsmobs:kangaroo_hide":9,"minecraft:pumpkin_seeds":48,"minecraft:slime_ball":2,"minecraft:black_concrete":2,"minecraft:lever":2,"minecraft:bone_meal":150,"minecraft:bread":16,"minecraft:golden_horse_armor":1,"minecraft:chainmail_helmet":1,"minecraft:terracotta":1,"alexsmobs:maggot":1,"tombstone:magic_scroll":1,"born_in_chaos_v1:rotten_fish":6,"born_in_chaos_v1:nightmare_stalker_spawn_egg":1,"minecraft:andesite_slab":1,"minecraft:coal":44,"aoa3:jade_pickaxe":1,"iceandfire:raw_silver":4,"inventorypets:pet_sated_double_chest":1},"minecraft:used":{"alexsmobs:emu_egg":2,"minecraft:stone_sword":134,"minecraft:dispenser":2,"minecraft:chest":4,"minecraft:spruce_planks":8,"minecraft:white_terracotta":13,"minecraft:cooked_salmon":1,"minecraft:rotten_flesh":4,"minecraft:torch":2,"minecraft:dirt":3,"alexsmobs:cooked_kangaroo_meat":13,"minecraft:stone_brick_slab":5,"born_in_chaos_v1:corpse_maggot":2,"minecraft:spruce_boat":1,"minecraft:stone_brick_stairs":3,"born_in_chaos_v1:fel_lamp":13,"minecraft:furnace":2,"minecraft:cooked_cod":7,"tombstone:gift":6,"minecraft:potato":1,"minecraft:trapped_chest":2,"minecraft:cooked_beef":8,"minecraft:cooked_mutton":5,"minecraft:baked_potato":19,"minecraft:stone_pickaxe":189,"minecraft:andesite_slab":1,"minecraft:wooden_pickaxe":21,"minecraft:mossy_stone_brick_stairs":2,"minecraft:cobblestone_slab":2,"minecraft:yellow_terracotta":70,"minecraft:crafting_table":8,"minecraft:red_bed":1,"minecraft:white_bed":1,"minecraft:lever":3,"minecraft:red_sandstone":40,"minecraft:black_concrete":2,"born_in_chaos_v1:monster_flesh":1,"minecraft:bread":33,"born_in_chaos_v1:pumpkin_staff":144,"alexsmobs:kangaroo_meat":2,"born_in_chaos_v1:nightmare_stalker_spawn_egg":1,"tombstone:grave_key":1,"minecraft:stone_axe":18,"travelersbackpack:standard":1,"born_in_chaos_v1:rotten_fish":2,"minecraft:cobblestone":119,"minecraft:andesite":1,"born_in_chaos_v1:wood_splitter_axe":64,"aoa3:jade_pickaxe":77,"minecraft:cobweb":5},"minecraft:broken":{"minecraft:stone_pickaxe":1},"minecraft:mined":{"minecraft:yellow_terracotta":4,"minecraft:spruce_planks":1,"minecraft:white_bed":1,"iceandfire:silver_ore":4,"minecraft:lever":2,"travelersbackpack:red_sleeping_bag":3,"minecraft:smooth_red_sandstone_stairs":1,"minecraft:grass_block":1,"minecraft:white_concrete":1,"minecraft:spruce_leaves":2,"minecraft:spawner":4,"minecraft:hay_block":4,"minecraft:glowstone":4,"minecraft:furnace":1,"minecraft:red_sandstone":2,"minecraft:iron_ore":8,"minecraft:andesite":1,"minecraft:black_concrete":3,"minecraft:pumpkin":18,"minecraft:smooth_red_sandstone":3,"minecraft:mossy_stone_brick_stairs":2,"minecraft:potatoes":1,"minecraft:cobblestone_slab":1,"minecraft:iron_bars":2,"minecraft:stone":161,"minecraft:red_bed":2,"minecraft:blackstone":1,"minecraft:orange_terracotta":1,"minecraft:stone_brick_slab":4,"travelersbackpack:standard":1,"minecraft:crafting_table":6,"minecraft:torch":1,"minecraft:light_gray_terracotta":2,"minecraft:andesite_slab":1,"minecraft:cobblestone":21,"minecraft:oak_planks":1,"minecraft:white_terracotta":2,"minecraft:trapped_chest":2,"minecraft:spruce_log":34,"minecraft:stone_brick_stairs":6,"minecraft:gravel":2,"minecraft:grass":6,"minecraft:oak_log":4,"minecraft:coal_ore":33,"minecraft:dirt":3,"minecraft:yellow_concrete":1,"minecraft:smooth_quartz":1,"minecraft:cobweb":4,"minecraft:cracked_stone_bricks":2,"minecraft:terracotta":1,"minecraft:dispenser":1,"minecraft:mossy_stone_bricks":3,"minecraft:oak_leaves":2}},"DataVersion":3465}