{"stats":{"minecraft:custom":{"minecraft:interact_with_crafting_table":27,"minecraft:open_barrel":42,"minecraft:leave_game":1,"minecraft:time_since_death":73075,"minecraft:damage_resisted":0,"minecraft:sprint_one_cm":286955,"minecraft:drop":68,"minecraft:talked_to_villager":1,"minecraft:play_time":185317,"minecraft:deaths":7,"minecraft:jump":2656,"minecraft:walk_on_water_one_cm":29964,"minecraft:interact_with_furnace":36,"minecraft:sleep_in_bed":3,"tombstone:sneak_grave":1,"minecraft:damage_dealt":20438,"minecraft:crouch_one_cm":37827,"tombstone:undead_killed":27,"tombstone:villager_killed":1,"minecraft:inspect_dispenser":11,"minecraft:mob_kills":103,"minecraft:damage_dealt_resisted":1017,"minecraft:climb_one_cm":4526,"minecraft:walk_one_cm":258348,"minecraft:sneak_time":13461,"minecraft:walk_under_water_one_cm":24941,"minecraft:total_world_time":185317,"minecraft:time_since_rest":30864,"minecraft:damage_taken":8739,"minecraft:trigger_trapped_chest":5,"tombstone:cast_on_ally":1,"minecraft:swim_one_cm":28441,"minecraft:fly_one_cm":474396,"minecraft:open_chest":83,"minecraft:fall_one_cm":96327},"minecraft:dropped":{"iceandfire:raw_silver":1,"minecraft:lapis_lazuli":5,"minecraft:crafting_table":1,"minecraft:red_sandstone":48,"minecraft:cracked_stone_bricks":1,"born_in_chaos_v1:empty_fel_lamp":1,"aoa3:copper_coin":4,"born_in_chaos_v1:pieceofdarkmetal":2,"theoneprobe:probenote":1,"aoa3:carved_rune_of_space":1,"minecraft:bone_meal":45,"minecraft:bone":3,"minecraft:gravel":1,"minecraft:stone_axe":2,"alexsmobs:animal_dictionary":1,"minecraft:wheat":2,"born_in_chaos_v1:ethereal_spirit":1,"minecraft:rotten_flesh":1,"minecraft:oak_planks":6,"aoa3:raw_limonite":4,"minecraft:leather_chestplate":1,"minecraft:tipped_arrow":1,"aoa3:sharp_claw":1,"apotheosis:gem":1,"minecraft:leather_boots":3,"minecraft:arrow":1,"minecraft:smooth_red_sandstone_stairs":1,"minecraft:bread":1,"aoa3:scrap_metal":2,"minecraft:iron_helmet":1,"minecraft:cobblestone":32,"minecraft:chainmail_helmet":1,"minecraft:stick":1,"born_in_chaos_v1:pumpkin_staff":1,"minecraft:smooth_red_sandstone":3,"born_in_chaos_v1:fused_bone":1,"minecraft:pumpkin":42,"minecraft:iron_axe":1,"minecraft:string":9,"alexsmobs:maggot":1,"minecraft:stone_sword":2,"minecraft:light_gray_terracotta":2,"minecraft:raw_iron":4,"minecraft:pumpkin_seeds":39,"minecraft:potato":1,"minecraft:orange_terracotta":1,"minecraft:iron_chestplate":1,"minecraft:stone_bricks":5,"minecraft:spider_eye":3,"minecraft:slime_ball":2,"minecraft:stone_pickaxe":2,"minecraft:wooden_pickaxe":3,"minecraft:terracotta":1},"minecraft:killed":{"born_in_chaos_v1:zombie_clown":1,"minecraft:cave_spider":4,"born_in_chaos_v1:restless_spirit":1,"minecraft:spider":4,"born_in_chaos_v1:siamese_skeletonsright":1,"world:dryad":1,"world:appleant_2":2,"minecraft:skeleton":4,"realmrpg_demons:chort":1,"alexsmobs:kangaroo":9,"minecraft:zombie":4,"aoa3:goblin":1,"born_in_chaos_v1:corpse_fly":2,"minecraft:stray":2,"alexsmobs:fly":3,"born_in_chaos_v1:door_knight":1,"born_in_chaos_v1:siamese_skeletonsleft":1,"minecraft:cow":4,"mca:male_zombie_villager":1,"aoa3:charger":3,"born_in_chaos_v1:zombie_clown_not_despawn":1,"alexsmobs:seagull":1,"born_in_chaos_v1:maggot":4,"minecraft:drowned":3,"born_in_chaos_v1:corpse_fish":6,"born_in_chaos_v1:mr_pumpkin_controlled":1,"world:goblin":4,"born_in_chaos_v1:felsteed":1,"minecraft:husk":2,"born_in_chaos_v1:baby_skeleton":1,"aoa3:cyclops":1,"majruszsdifficulty:cursed_armor":3,"born_in_chaos_v1:decrepit_skeleton":2,"alexsmobs:emu":2,"iceandfire:ghost":2,"born_in_chaos_v1:nightmare_stalker":1},"minecraft:crafted":{"minecraft:oak_planks":16,"minecraft:lever":1,"minecraft:cooked_mutton":5,"minecraft:bow":2,"minecraft:chest":4,"minecraft:stone_hoe":1,"minecraft:crafting_table":3,"minecraft:spruce_planks":96,"minecraft:wooden_pickaxe":2,"minecraft:baked_potato":59,"minecraft:pumpkin_seeds":16,"minecraft:dispenser":2,"minecraft:stick":76,"minecraft:iron_pickaxe":1,"minecraft:stone_sword":3,"minecraft:furnace":1,"minecraft:bone_meal":45,"minecraft:stone_pickaxe":3,"minecraft:spruce_boat":1,"minecraft:wheat":36,"minecraft:cooked_beef":8,"alexsmobs:cooked_kangaroo_meat":2,"minecraft:stone_axe":2,"minecraft:bread":13,"minecraft:air":0,"minecraft:torch":16},"minecraft:picked_up":{"aoa3:fire_rune":1,"minecraft:iron_chestplate":1,"minecraft:wheat":2,"minecraft:chainmail_boots":1,"minecraft:enchanted_book":7,"minecraft:stone_brick_stairs":3,"born_in_chaos_v1:black_argillite":1,"minecraft:string":16,"minecraft:iron_leggings":1,"minecraft:bucket":1,"alexsmobs:emu_feather":1,"born_in_chaos_v1:empty_fel_lamp":1,"minecraft:cobbled_deepslate":47,"minecraft:spruce_planks":1,"minecraft:cobblestone_slab":2,"minecraft:iron_boots":3,"minecraft:furnace":1,"minecraft:tipped_arrow":1,"minecraft:stick":3,"apotheosis:gem":4,"minecraft:torch":5,"tombstone:grave_dust":7,"born_in_chaos_v1:nightmare_claw":1,"minecraft:rotten_flesh":24,"alexsmobs:emu_egg":2,"aoa3:raw_limonite":4,"minecraft:white_terracotta":15,"minecraft:cobblestone":214,"minecraft:dune_armor_trim_smithing_template":2,"minecraft:leather_chestplate":3,"minecraft:feather":8,"minecraft:andesite":1,"minecraft:jungle_log":1,"minecraft:potato":11,"minecraft:tuff":1,"alexsmobs:cooked_kangaroo_meat":11,"minecraft:lapis_lazuli":5,"minecraft:dirt":5,"born_in_chaos_v1:nightmare_stalker_skull":1,"born_in_chaos_v1:monster_skin":5,"minecraft:leather_boots":3,"minecraft:bone":23,"minecraft:acacia_planks":1,"minecraft:bow":1,"aoa3:sharp_claw":1,"minecraft:mossy_stone_bricks":3,"minecraft:oak_planks":3,"minecraft:mossy_stone_brick_stairs":2,"minecraft:trapped_chest":2,"minecraft:skeleton_spawn_egg":1,"minecraft:light_gray_terracotta":2,"alexsmobs:kangaroo_hide":9,"minecraft:diamond":6,"minecraft:black_concrete":2,"minecraft:lever":2,"minecraft:bone_meal":150,"minecraft:chainmail_helmet":2,"minecraft:golden_horse_armor":1,"minecraft:bread":16,"alexsmobs:maggot":1,"born_in_chaos_v1:rotten_fish":6,"iceandfire:raw_silver":5,"minecraft:andesite_slab":1,"iceandfire:dragon_skull_lightning":2,"minecraft:crafting_table":7,"aoa3:copper_coin":94,"minecraft:wooden_pickaxe":1,"aoa3:carved_rune_of_space":1,"minecraft:red_bed":2,"minecraft:iron_axe":2,"aoa3:jade":3,"born_in_chaos_v1:intoxicating_decoction":3,"minecraft:cracked_stone_bricks":5,"aoa3:raw_charger_shank":3,"minecraft:beef":6,"minecraft:iron_nugget":1,"minecraft:raw_iron":12,"iceandfire:dragonbone":26,"born_in_chaos_v1:pieceofdarkmetal":2,"minecraft:redstone":149,"minecraft:drowned_spawn_egg":1,"minecraft:arrow":12,"born_in_chaos_v1:wood_splitter_axe":1,"minecraft:hay_block":4,"minecraft:yellow_terracotta":59,"minecraft:gold_ingot":1,"alexsmobs:kangaroo_meat":2,"minecraft:rail":17,"born_in_chaos_v1:fused_bone":3,"minecraft:smooth_red_sandstone_stairs":1,"born_in_chaos_v1:corpse_maggot":2,"minecraft:smooth_red_sandstone":3,"aoa3:carved_rune_of_reality":2,"born_in_chaos_v1:monster_flesh":1,"born_in_chaos_v1:pumpkin_staff":2,"minecraft:leather":7,"minecraft:chainmail_chestplate":1,"minecraft:oak_log":4,"minecraft:gunpowder":5,"minecraft:orange_terracotta":1,"minecraft:stone_bricks":10,"minecraft:red_sandstone":130,"minecraft:creeper_spawn_egg":1,"minecraft:iron_ingot":3,"minecraft:cobweb":22,"born_in_chaos_v1:fel_lamp":1,"world:crystal_10":1,"minecraft:pumpkin":46,"minecraft:stone_brick_slab":5,"born_in_chaos_v1:ethereal_spirit":1,"minecraft:gravel":3,"aoa3:scrap_metal":7,"minecraft:white_bed":1,"minecraft:spruce_log":62,"minecraft:spider_eye":3,"minecraft:leather_helmet":1,"tombstone:scroll_of_true_sight":1,"travelersbackpack:standard":2,"travelersbackpack:fox":1,"minecraft:pumpkin_seeds":48,"minecraft:slime_ball":2,"minecraft:iron_helmet":1,"minecraft:terracotta":1,"tombstone:magic_scroll":1,"born_in_chaos_v1:nightmare_stalker_spawn_egg":1,"minecraft:coal":46,"inventorypets:pet_sated_double_chest":1,"aoa3:jade_pickaxe":1},"minecraft:used":{"alexsmobs:emu_egg":2,"minecraft:dispenser":2,"born_in_chaos_v1:intoxicating_decoction":1,"minecraft:chest":4,"minecraft:white_terracotta":13,"minecraft:rotten_flesh":4,"minecraft:skeleton_spawn_egg":1,"minecraft:tuff":1,"minecraft:spruce_boat":1,"born_in_chaos_v1:corpse_maggot":2,"minecraft:stone_brick_stairs":3,"minecraft:stone_bricks":5,"born_in_chaos_v1:fel_lamp":15,"minecraft:furnace":2,"minecraft:cooked_cod":7,"minecraft:potato":1,"minecraft:stone_pickaxe":189,"minecraft:wooden_pickaxe":21,"minecraft:mossy_stone_brick_stairs":2,"minecraft:yellow_terracotta":70,"minecraft:creeper_spawn_egg":1,"minecraft:lever":3,"minecraft:black_concrete":2,"minecraft:red_sandstone":40,"born_in_chaos_v1:monster_flesh":1,"minecraft:bread":33,"born_in_chaos_v1:pumpkin_staff":144,"born_in_chaos_v1:nightmare_stalker_spawn_egg":1,"tombstone:grave_key":1,"minecraft:gravel":2,"born_in_chaos_v1:rotten_fish":2,"minecraft:andesite":1,"minecraft:cobweb":5,"minecraft:stone_sword":134,"minecraft:spruce_planks":8,"minecraft:stone_hoe":71,"minecraft:cooked_salmon":1,"minecraft:torch":17,"minecraft:dirt":4,"alexsmobs:cooked_kangaroo_meat":13,"minecraft:stone_brick_slab":5,"tombstone:gift":6,"minecraft:trapped_chest":2,"minecraft:cooked_beef":8,"minecraft:cobbled_deepslate":5,"minecraft:acacia_planks":1,"minecraft:cooked_mutton":5,"tombstone:scroll_of_mercy":1,"tombstone:scroll_of_knowledge":1,"minecraft:baked_potato":36,"minecraft:andesite_slab":1,"minecraft:cobblestone_slab":2,"minecraft:cracked_stone_bricks":1,"minecraft:crafting_table":9,"minecraft:red_bed":1,"minecraft:white_bed":1,"alexsmobs:kangaroo_meat":2,"minecraft:stone_axe":18,"minecraft:cobblestone":138,"travelersbackpack:standard":1,"aoa3:jade_pickaxe":206,"born_in_chaos_v1:wood_splitter_axe":141},"minecraft:broken":{"minecraft:stone_pickaxe":1,"minecraft:leather_helmet":1},"minecraft:mined":{"minecraft:spruce_planks":1,"minecraft:white_bed":1,"minecraft:sculk_vein":1,"travelersbackpack:red_sleeping_bag":3,"minecraft:smooth_red_sandstone_stairs":1,"minecraft:grass_block":1,"minecraft:white_concrete":1,"minecraft:spawner":5,"minecraft:glowstone":4,"minecraft:iron_ore":8,"minecraft:pumpkin":18,"minecraft:smooth_red_sandstone":3,"minecraft:iron_bars":2,"minecraft:deepslate_redstone_ore":32,"minecraft:red_bed":2,"minecraft:blackstone":1,"minecraft:orange_terracotta":1,"minecraft:torch":1,"minecraft:light_gray_terracotta":2,"minecraft:calcite":3,"minecraft:cobblestone":21,"minecraft:oak_planks":1,"minecraft:amethyst_block":5,"minecraft:white_terracotta":2,"aoa3:deepslate_jade_ore":3,"minecraft:stone_brick_stairs":6,"minecraft:grass":6,"minecraft:oak_log":4,"minecraft:smooth_quartz":1,"minecraft:dirt":3,"minecraft:smooth_basalt":3,"minecraft:dispenser":1,"realmrpg_skeletons:unsaved_skeleton":1,"minecraft:oak_leaves":2,"minecraft:deepslate":49,"minecraft:yellow_terracotta":4,"minecraft:tuff":3,"iceandfire:silver_ore":4,"minecraft:deepslate_diamond_ore":6,"minecraft:glow_lichen":1,"minecraft:lever":2,"born_in_chaos_v1:black_argillite":1,"iceandfire:deepslate_silver_ore":1,"minecraft:spruce_leaves":2,"minecraft:hay_block":4,"minecraft:furnace":1,"minecraft:red_sandstone":2,"minecraft:andesite":1,"minecraft:black_concrete":3,"minecraft:mossy_stone_brick_stairs":2,"minecraft:potatoes":1,"minecraft:cobblestone_slab":1,"minecraft:vine":1,"minecraft:stone":161,"minecraft:stone_brick_slab":4,"travelersbackpack:standard":1,"minecraft:crafting_table":6,"minecraft:sculk_sensor":2,"minecraft:andesite_slab":1,"minecraft:sculk":68,"aoa3:deepslate_limonite_ore":5,"minecraft:trapped_chest":2,"minecraft:spruce_log":34,"minecraft:coal_ore":33,"minecraft:gravel":3,"minecraft:yellow_concrete":1,"minecraft:cobweb":4,"minecraft:cracked_stone_bricks":5,"minecraft:terracotta":1,"minecraft:stone_bricks":11,"minecraft:mossy_stone_bricks":3}},"DataVersion":3465}