{"stats":{"minecraft:dropped":{"minecraft:bread":1,"alexsmobs:maggot":1,"minecraft:stone_axe":2,"minecraft:stone_sword":2,"alexsmobs:animal_dictionary":1,"minecraft:crafting_table":1,"minecraft:wheat":2,"born_in_chaos_v1:ethereal_spirit":1,"minecraft:oak_planks":6,"minecraft:stick":1,"born_in_chaos_v1:pumpkin_staff":1,"aoa3:sharp_claw":1,"theoneprobe:probenote":1,"minecraft:arrow":1,"minecraft:stone_pickaxe":1,"minecraft:wooden_pickaxe":1,"minecraft:bone":1},"minecraft:mined":{"iceandfire:silver_ore":4,"minecraft:red_bed":1,"minecraft:crafting_table":3,"minecraft:spruce_leaves":2,"minecraft:hay_block":4,"minecraft:spruce_log":13,"minecraft:pumpkin":18,"minecraft:grass":5,"minecraft:oak_log":4,"minecraft:coal_ore":11,"minecraft:stone":53,"minecraft:oak_leaves":2},"minecraft:crafted":{"minecraft:oak_planks":16,"minecraft:crafting_table":1,"minecraft:spruce_planks":52,"minecraft:wooden_pickaxe":1,"minecraft:pumpkin_seeds":16,"minecraft:stone_axe":2,"minecraft:bread":13,"minecraft:stick":12,"minecraft:iron_pickaxe":1,"minecraft:stone_pickaxe":2,"minecraft:stone_sword":2,"minecraft:spruce_boat":1,"minecraft:wheat":36},"minecraft:picked_up":{"minecraft:crafting_table":4,"minecraft:feather":8,"aoa3:copper_coin":45,"born_in_chaos_v1:monster_flesh":1,"born_in_chaos_v1:pumpkin_staff":2,"minecraft:leather":7,"aoa3:carved_rune_of_space":1,"minecraft:oak_log":4,"minecraft:red_bed":1,"minecraft:iron_axe":1,"minecraft:bone":6,"minecraft:bow":1,"aoa3:raw_charger_shank":3,"minecraft:beef":6,"aoa3:sharp_claw":1,"born_in_chaos_v1:fel_lamp":1,"minecraft:oak_planks":3,"minecraft:stick":1,"apotheosis:gem":1,"minecraft:pumpkin":18,"born_in_chaos_v1:ethereal_spirit":1,"aoa3:scrap_metal":2,"tombstone:grave_dust":4,"born_in_chaos_v1:pieceofdarkmetal":2,"born_in_chaos_v1:nightmare_claw":1,"minecraft:spruce_log":13,"minecraft:drowned_spawn_egg":1,"minecraft:arrow":1,"minecraft:hay_block":4,"minecraft:chainmail_helmet":1,"minecraft:bread":16,"alexsmobs:maggot":1,"tombstone:magic_scroll":1,"born_in_chaos_v1:nightmare_stalker_spawn_egg":1,"minecraft:coal":17,"iceandfire:raw_silver":4,"minecraft:cobblestone":52},"minecraft:custom":{"minecraft:mob_kills":47,"minecraft:interact_with_crafting_table":10,"minecraft:open_barrel":8,"minecraft:damage_dealt_resisted":533,"minecraft:time_since_death":9632,"minecraft:climb_one_cm":80,"minecraft:time_since_rest":9177,"minecraft:sprint_one_cm":60718,"minecraft:damage_taken":2548,"minecraft:walk_one_cm":49856,"minecraft:drop":20,"minecraft:damage_dealt":8685,"minecraft:talked_to_villager":1,"minecraft:swim_one_cm":20815,"minecraft:fly_one_cm":130435,"minecraft:open_chest":6,"minecraft:crouch_one_cm":3781,"minecraft:deaths":5,"minecraft:play_time":30881,"tombstone:undead_killed":7,"minecraft:sneak_time":1264,"minecraft:walk_under_water_one_cm":14825,"tombstone:villager_killed":1,"minecraft:jump":703,"minecraft:walk_on_water_one_cm":19870,"minecraft:total_world_time":30881,"minecraft:fall_one_cm":18757},"minecraft:used":{"minecraft:stone_sword":130,"minecraft:stone_pickaxe":58,"minecraft:wooden_pickaxe":10,"minecraft:crafting_table":4,"minecraft:spruce_boat":1,"born_in_chaos_v1:monster_flesh":1,"minecraft:bread":23,"born_in_chaos_v1:pumpkin_staff":71,"minecraft:stone_axe":18,"tombstone:gift":2},"minecraft:killed":{"duckensinvasion:footsoldier_duck":5,"world:goblin":2,"born_in_chaos_v1:felsteed":1,"born_in_chaos_v1:restless_spirit":1,"born_in_chaos_v1:baby_skeleton":1,"aoa3:charger":3,"minecraft:spider":2,"alexsmobs:seagull":1,"duckensinvasion:raptor_duck":4,"born_in_chaos_v1:maggot":2,"world:appleant_2":2,"minecraft:skeleton":1,"minecraft:zombie":1,"aoa3:goblin":1,"duckensinvasion:armoured_duck":2,"realmrpg_demons:chort":1,"born_in_chaos_v1:nightmare_stalker":1,"duckensinvasion:archer_duck":3,"duckensinvasion:commaner_duckfighting":2,"alexsmobs:fly":2,"minecraft:drowned":3,"minecraft:cow":4}},"DataVersion":3465}