{"stats":{"minecraft:custom":{"minecraft:interact_with_furnace":12,"minecraft:mob_kills":53,"minecraft:interact_with_crafting_table":13,"minecraft:open_barrel":21,"minecraft:damage_dealt_resisted":749,"minecraft:time_since_death":24108,"minecraft:sleep_in_bed":1,"minecraft:climb_one_cm":906,"minecraft:time_since_rest":9114,"minecraft:sprint_one_cm":91615,"minecraft:damage_taken":3733,"minecraft:walk_one_cm":84857,"minecraft:trigger_trapped_chest":1,"minecraft:drop":29,"minecraft:damage_dealt":9919,"minecraft:swim_one_cm":25780,"minecraft:talked_to_villager":1,"minecraft:fly_one_cm":190410,"minecraft:open_chest":11,"minecraft:crouch_one_cm":15432,"minecraft:play_time":75258,"minecraft:sneak_time":4959,"tombstone:undead_killed":9,"minecraft:deaths":6,"minecraft:walk_under_water_one_cm":14967,"tombstone:villager_killed":1,"minecraft:jump":1073,"minecraft:walk_on_water_one_cm":22159,"minecraft:total_world_time":75258,"minecraft:fall_one_cm":28451},"minecraft:dropped":{"minecraft:gravel":1,"minecraft:bread":1,"minecraft:stone_axe":2,"alexsmobs:maggot":1,"aoa3:scrap_metal":2,"minecraft:stone_sword":2,"alexsmobs:animal_dictionary":1,"minecraft:crafting_table":1,"minecraft:wheat":2,"born_in_chaos_v1:ethereal_spirit":1,"minecraft:oak_planks":6,"born_in_chaos_v1:pieceofdarkmetal":2,"minecraft:stick":1,"born_in_chaos_v1:pumpkin_staff":1,"aoa3:sharp_claw":1,"apotheosis:gem":1,"minecraft:slime_ball":2,"aoa3:carved_rune_of_space":1,"theoneprobe:probenote":1,"minecraft:arrow":1,"minecraft:stone_pickaxe":2,"minecraft:wooden_pickaxe":3,"minecraft:bone":1},"minecraft:killed":{"world:goblin":4,"born_in_chaos_v1:felsteed":1,"born_in_chaos_v1:restless_spirit":1,"born_in_chaos_v1:baby_skeleton":1,"born_in_chaos_v1:zombie_clown_not_despawn":1,"aoa3:charger":3,"minecraft:spider":2,"alexsmobs:seagull":1,"born_in_chaos_v1:decrepit_skeleton":1,"born_in_chaos_v1:maggot":2,"world:appleant_2":2,"minecraft:skeleton":1,"minecraft:zombie":1,"aoa3:goblin":1,"realmrpg_demons:chort":1,"born_in_chaos_v1:nightmare_stalker":1,"alexsmobs:fly":2,"minecraft:drowned":3,"alexsmobs:kangaroo":1,"born_in_chaos_v1:mr_pumpkin_controlled":1,"minecraft:cow":4},"minecraft:picked_up":{"iceandfire:dragon_skull_lightning":1,"minecraft:crafting_table":5,"minecraft:feather":8,"aoa3:copper_coin":47,"born_in_chaos_v1:monster_flesh":1,"born_in_chaos_v1:pumpkin_staff":2,"minecraft:leather":7,"minecraft:wooden_pickaxe":1,"aoa3:carved_rune_of_space":1,"minecraft:enchanted_book":2,"minecraft:oak_log":4,"minecraft:chainmail_chestplate":1,"minecraft:red_bed":2,"minecraft:iron_axe":1,"minecraft:bone":7,"minecraft:bow":1,"aoa3:raw_charger_shank":3,"minecraft:beef":6,"aoa3:sharp_claw":1,"born_in_chaos_v1:fel_lamp":1,"minecraft:oak_planks":3,"minecraft:iron_boots":1,"minecraft:furnace":1,"minecraft:stick":1,"iceandfire:dragonbone":2,"apotheosis:gem":2,"minecraft:pumpkin":18,"born_in_chaos_v1:ethereal_spirit":1,"minecraft:gravel":1,"aoa3:scrap_metal":2,"tombstone:grave_dust":4,"born_in_chaos_v1:nightmare_claw":1,"minecraft:spruce_log":13,"born_in_chaos_v1:pieceofdarkmetal":2,"minecraft:drowned_spawn_egg":1,"minecraft:pumpkin_seeds":48,"minecraft:arrow":1,"minecraft:slime_ball":2,"minecraft:hay_block":4,"minecraft:chainmail_helmet":1,"minecraft:bread":16,"alexsmobs:maggot":1,"tombstone:magic_scroll":1,"alexsmobs:kangaroo_meat":2,"born_in_chaos_v1:nightmare_stalker_spawn_egg":1,"minecraft:coal":22,"iceandfire:raw_silver":4,"minecraft:cobblestone":140,"inventorypets:pet_sated_double_chest":1},"minecraft:crafted":{"minecraft:cooked_beef":8,"minecraft:oak_planks":16,"minecraft:crafting_table":2,"minecraft:spruce_planks":52,"minecraft:wooden_pickaxe":2,"minecraft:furnace":1,"minecraft:pumpkin_seeds":16,"minecraft:stone_axe":2,"minecraft:cooked_mutton":5,"minecraft:bread":13,"minecraft:air":0,"minecraft:stick":16,"minecraft:iron_pickaxe":1,"minecraft:stone_pickaxe":3,"minecraft:stone_sword":2,"minecraft:spruce_boat":1,"minecraft:wheat":36},"minecraft:used":{"minecraft:cooked_mutton":3,"minecraft:stone_sword":130,"minecraft:stone_pickaxe":142,"minecraft:spruce_planks":6,"minecraft:wooden_pickaxe":21,"minecraft:crafting_table":5,"minecraft:red_bed":1,"minecraft:spruce_boat":1,"born_in_chaos_v1:monster_flesh":1,"minecraft:bread":33,"born_in_chaos_v1:pumpkin_staff":88,"alexsmobs:kangaroo_meat":2,"minecraft:stone_axe":18,"minecraft:cobblestone":36,"born_in_chaos_v1:fel_lamp":2,"minecraft:furnace":1,"tombstone:gift":2,"minecraft:cooked_beef":1},"minecraft:mined":{"iceandfire:silver_ore":4,"minecraft:red_bed":2,"minecraft:crafting_table":4,"minecraft:spruce_leaves":2,"minecraft:spawner":1,"minecraft:hay_block":4,"minecraft:furnace":1,"minecraft:spruce_log":13,"minecraft:pumpkin":18,"minecraft:grass":5,"minecraft:oak_log":4,"minecraft:coal_ore":16,"minecraft:stone":141,"minecraft:oak_leaves":2}},"DataVersion":3465}