{"stats":{"minecraft:custom":{"minecraft:mob_kills":68,"minecraft:interact_with_crafting_table":14,"minecraft:open_barrel":21,"minecraft:damage_dealt_resisted":749,"minecraft:time_since_death":48108,"minecraft:climb_one_cm":2709,"minecraft:sprint_one_cm":160064,"minecraft:walk_one_cm":124206,"minecraft:drop":33,"minecraft:talked_to_villager":1,"minecraft:play_time":99258,"minecraft:deaths":6,"minecraft:sneak_time":6203,"minecraft:walk_under_water_one_cm":14967,"minecraft:jump":1627,"minecraft:walk_on_water_one_cm":22159,"minecraft:total_world_time":99258,"minecraft:interact_with_furnace":12,"minecraft:sleep_in_bed":1,"minecraft:time_since_rest":33114,"minecraft:damage_taken":5561,"minecraft:trigger_trapped_chest":3,"minecraft:damage_dealt":12682,"tombstone:cast_on_ally":0,"minecraft:swim_one_cm":25780,"minecraft:fly_one_cm":318432,"minecraft:open_chest":19,"minecraft:crouch_one_cm":19898,"tombstone:undead_killed":10,"tombstone:villager_killed":1,"minecraft:fall_one_cm":62624},"minecraft:dropped":{"minecraft:bread":1,"aoa3:scrap_metal":2,"minecraft:crafting_table":1,"minecraft:cobblestone":3,"born_in_chaos_v1:empty_fel_lamp":1,"born_in_chaos_v1:pieceofdarkmetal":2,"minecraft:stick":1,"born_in_chaos_v1:pumpkin_staff":1,"minecraft:smooth_red_sandstone":3,"theoneprobe:probenote":1,"aoa3:carved_rune_of_space":1,"minecraft:string":7,"minecraft:bone":1,"minecraft:gravel":1,"minecraft:stone_axe":2,"alexsmobs:maggot":1,"minecraft:stone_sword":2,"alexsmobs:animal_dictionary":1,"minecraft:wheat":2,"born_in_chaos_v1:ethereal_spirit":1,"minecraft:oak_planks":6,"aoa3:sharp_claw":1,"apotheosis:gem":1,"minecraft:slime_ball":2,"minecraft:arrow":1,"minecraft:stone_pickaxe":2,"minecraft:wooden_pickaxe":3},"minecraft:killed":{"minecraft:cave_spider":2,"mca:male_zombie_villager":1,"born_in_chaos_v1:restless_spirit":1,"aoa3:charger":3,"born_in_chaos_v1:zombie_clown_not_despawn":1,"minecraft:spider":2,"alexsmobs:seagull":1,"world:dryad":1,"born_in_chaos_v1:maggot":2,"world:appleant_2":2,"minecraft:skeleton":1,"realmrpg_demons:chort":1,"minecraft:drowned":3,"alexsmobs:kangaroo":9,"born_in_chaos_v1:mr_pumpkin_controlled":1,"world:goblin":4,"born_in_chaos_v1:felsteed":1,"born_in_chaos_v1:baby_skeleton":1,"aoa3:cyclops":1,"born_in_chaos_v1:decrepit_skeleton":1,"alexsmobs:emu":1,"minecraft:zombie":1,"aoa3:goblin":1,"born_in_chaos_v1:nightmare_stalker":1,"alexsmobs:fly":3,"minecraft:cow":4},"minecraft:crafted":{"minecraft:oak_planks":16,"minecraft:furnace":1,"minecraft:cooked_mutton":5,"minecraft:stone_pickaxe":3,"minecraft:spruce_boat":1,"minecraft:wheat":36,"minecraft:cooked_beef":8,"minecraft:crafting_table":2,"minecraft:spruce_planks":52,"minecraft:wooden_pickaxe":2,"minecraft:pumpkin_seeds":16,"minecraft:stone_axe":2,"minecraft:bread":13,"minecraft:air":0,"minecraft:stick":16,"minecraft:iron_pickaxe":1,"minecraft:stone_sword":2},"minecraft:picked_up":{"iceandfire:dragon_skull_lightning":2,"minecraft:crafting_table":6,"aoa3:fire_rune":1,"aoa3:copper_coin":48,"minecraft:wooden_pickaxe":1,"aoa3:carved_rune_of_space":1,"minecraft:enchanted_book":7,"minecraft:string":7,"minecraft:red_bed":2,"minecraft:iron_axe":1,"born_in_chaos_v1:empty_fel_lamp":1,"minecraft:beef":6,"aoa3:raw_charger_shank":3,"minecraft:furnace":1,"minecraft:iron_boots":1,"minecraft:stick":1,"minecraft:raw_iron":3,"apotheosis:gem":2,"iceandfire:dragonbone":26,"tombstone:grave_dust":4,"born_in_chaos_v1:nightmare_claw":1,"born_in_chaos_v1:pieceofdarkmetal":2,"minecraft:drowned_spawn_egg":1,"minecraft:arrow":1,"minecraft:rotten_flesh":2,"minecraft:hay_block":4,"alexsmobs:emu_egg":2,"minecraft:yellow_terracotta":55,"minecraft:gold_ingot":1,"minecraft:white_terracotta":13,"alexsmobs:kangaroo_meat":2,"minecraft:cobblestone":142,"minecraft:smooth_red_sandstone_stairs":1,"minecraft:dune_armor_trim_smithing_template":2,"minecraft:feather":8,"born_in_chaos_v1:pumpkin_staff":2,"born_in_chaos_v1:monster_flesh":1,"minecraft:smooth_red_sandstone":3,"minecraft:leather":7,"minecraft:oak_log":4,"minecraft:chainmail_chestplate":1,"alexsmobs:cooked_kangaroo_meat":11,"minecraft:gunpowder":4,"minecraft:bone":13,"minecraft:bow":1,"minecraft:red_sandstone":82,"minecraft:iron_ingot":3,"aoa3:sharp_claw":1,"born_in_chaos_v1:fel_lamp":1,"minecraft:oak_planks":3,"world:crystal_10":1,"minecraft:pumpkin":18,"born_in_chaos_v1:ethereal_spirit":1,"minecraft:gravel":1,"aoa3:scrap_metal":2,"minecraft:spruce_log":13,"minecraft:trapped_chest":2,"tombstone:scroll_of_true_sight":1,"alexsmobs:kangaroo_hide":9,"minecraft:pumpkin_seeds":48,"minecraft:slime_ball":2,"minecraft:bread":16,"minecraft:golden_horse_armor":1,"minecraft:chainmail_helmet":1,"alexsmobs:maggot":1,"tombstone:magic_scroll":1,"born_in_chaos_v1:nightmare_stalker_spawn_egg":1,"minecraft:coal":22,"iceandfire:raw_silver":4,"inventorypets:pet_sated_double_chest":1},"minecraft:used":{"alexsmobs:emu_egg":2,"minecraft:stone_sword":130,"minecraft:spruce_planks":6,"alexsmobs:cooked_kangaroo_meat":10,"minecraft:spruce_boat":1,"born_in_chaos_v1:fel_lamp":6,"minecraft:furnace":1,"tombstone:gift":2,"minecraft:trapped_chest":2,"minecraft:cooked_beef":8,"minecraft:cooked_mutton":5,"minecraft:stone_pickaxe":157,"minecraft:wooden_pickaxe":21,"minecraft:yellow_terracotta":20,"minecraft:crafting_table":6,"minecraft:red_bed":1,"born_in_chaos_v1:monster_flesh":1,"minecraft:bread":33,"born_in_chaos_v1:pumpkin_staff":127,"alexsmobs:kangaroo_meat":2,"minecraft:stone_axe":18,"minecraft:cobblestone":48},"minecraft:mined":{"iceandfire:silver_ore":4,"minecraft:smooth_red_sandstone_stairs":1,"minecraft:spruce_leaves":2,"minecraft:spawner":4,"minecraft:hay_block":4,"minecraft:furnace":1,"minecraft:red_sandstone":2,"minecraft:iron_ore":3,"minecraft:pumpkin":18,"minecraft:smooth_red_sandstone":3,"minecraft:stone":143,"minecraft:red_bed":2,"minecraft:crafting_table":5,"minecraft:oak_planks":1,"minecraft:trapped_chest":2,"minecraft:spruce_log":13,"minecraft:grass":5,"minecraft:coal_ore":16,"minecraft:oak_log":4,"minecraft:oak_leaves":2}},"DataVersion":3465}